corner,vdd_v,temp_c,vctrl_v,up_a,down_a,both_a,mismatch_pct
ff,1.08,-40,0.50,2.734606e-06,-2.5075e-06,2.27098e-07,8.6647
ff,1.08,-40,0.60,2.708129e-06,-2.65017e-06,5.795003e-08,2.1633
ff,1.08,-40,0.70,2.662155e-06,-2.68542e-06,-2.32673e-08,0.8701
ff,1.08,-40,0.80,2.599014e-06,-2.70416e-06,-1.05143e-07,3.9654
ff,1.08,-40,0.90,2.507071e-06,-2.7212e-06,-2.14127e-07,8.1912
ff,1.08,27,0.50,2.897967e-06,-2.62428e-06,2.735759e-07,9.9122
ff,1.08,27,0.60,2.871607e-06,-2.79367e-06,7.786867e-08,2.7514
ff,1.08,27,0.70,2.832268e-06,-2.85668e-06,-2.44405e-08,0.8582
ff,1.08,27,0.80,2.778777e-06,-2.88042e-06,-1.01636e-07,3.5921
ff,1.08,27,0.90,2.696461e-06,-2.9003e-06,-2.03793e-07,7.2842
ff,1.08,125,0.50,3.181984e-06,-2.81214e-06,3.66937e-07,12.3402
ff,1.08,125,0.60,3.155878e-06,-2.99893e-06,1.553824e-07,5.1000
ff,1.08,125,0.70,3.120776e-06,-3.11278e-06,7.707814e-09,0.2565
ff,1.08,125,0.80,3.072212e-06,-3.15403e-06,-8.08498e-08,2.6282
ff,1.08,125,0.90,2.981952e-06,-3.17937e-06,-1.95161e-07,6.4083
ff,1.20,-40,0.50,2.997281e-06,-2.52508e-06,4.721906e-07,17.1014
ff,1.20,-40,0.60,2.976326e-06,-2.73341e-06,2.429067e-07,8.5088
ff,1.20,-40,0.70,2.937444e-06,-2.87669e-06,6.074894e-08,2.0899
ff,1.20,-40,0.80,2.886065e-06,-2.91467e-06,-2.86104e-08,0.9863
ff,1.20,-40,0.90,2.819837e-06,-2.93321e-06,-1.13369e-07,3.9413
ff,1.20,27,0.50,3.145043e-06,-2.63684e-06,5.080612e-07,17.5792
ff,1.20,27,0.60,3.123159e-06,-2.84602e-06,2.770469e-07,9.2857
ff,1.20,27,0.70,3.08984e-06,-3.01152e-06,7.826764e-08,2.5673
ff,1.20,27,0.80,3.04709e-06,-3.07769e-06,-3.06158e-08,0.9992
ff,1.20,27,0.90,2.991677e-06,-3.10152e-06,-1.09817e-07,3.6054
ff,1.20,125,0.50,3.408276e-06,-2.81995e-06,5.84628e-07,18.8922
ff,1.20,125,0.60,3.385869e-06,-3.02569e-06,3.578552e-07,11.2353
ff,1.20,125,0.70,3.356511e-06,-3.20459e-06,1.509242e-07,4.6310
ff,1.20,125,0.80,3.31967e-06,-3.31789e-06,2.055527e-09,0.0536
ff,1.20,125,0.90,3.270814e-06,-3.36e-06,-8.76769e-08,2.6900
ff,1.32,-40,0.50,3.249742e-06,-2.53004e-06,7.196956e-07,24.9041
ff,1.32,-40,0.60,3.23299e-06,-2.74946e-06,4.835225e-07,16.1649
ff,1.32,-40,0.70,3.199138e-06,-2.94932e-06,2.498177e-07,8.1262
ff,1.32,-40,0.80,3.154586e-06,-3.09282e-06,6.176319e-08,1.9773
ff,1.32,-40,0.90,3.100054e-06,-3.13413e-06,-3.4077e-08,1.0932
ff,1.32,27,0.50,3.381659e-06,-2.64087e-06,7.406161e-07,24.6006
ff,1.32,27,0.60,3.363255e-06,-2.85764e-06,5.054891e-07,16.2554
ff,1.32,27,0.70,3.333962e-06,-3.05753e-06,2.763497e-07,8.6500
ff,1.32,27,0.80,3.297135e-06,-3.21917e-06,7.792968e-08,2.3929
ff,1.32,27,0.90,3.252218e-06,-3.28889e-06,-3.66733e-08,1.1213
ff,1.32,125,0.50,3.624177e-06,-2.82247e-06,7.971522e-07,24.8721
ff,1.32,125,0.60,3.604461e-06,-3.03299e-06,5.683488e-07,17.2196
ff,1.32,125,0.70,3.57861e-06,-3.22868e-06,3.481719e-07,10.2810
ff,1.32,125,0.80,3.547369e-06,-3.40029e-06,1.466315e-07,4.2339
ff,1.32,125,0.90,3.509366e-06,-3.51333e-06,-3.15421e-09,0.1129
fs,1.08,-40,0.50,2.424268e-06,-2.43146e-06,-7.19142e-09,0.2962
fs,1.08,-40,0.60,2.414342e-06,-2.54249e-06,-1.28143e-07,5.1706
fs,1.08,-40,0.70,2.381364e-06,-2.56814e-06,-1.86774e-07,7.5473
fs,1.08,-40,0.80,2.326212e-06,-2.58618e-06,-2.59972e-07,10.5842
fs,1.08,-40,0.90,2.243332e-06,-2.60274e-06,-3.59412e-07,14.8330
fs,1.08,27,0.50,2.606477e-06,-2.55259e-06,5.394259e-08,2.0890
fs,1.08,27,0.60,2.593185e-06,-2.69927e-06,-1.06022e-07,4.0089
fs,1.08,27,0.70,2.561858e-06,-2.74367e-06,-1.81738e-07,6.8537
fs,1.08,27,0.80,2.514208e-06,-2.76568e-06,-2.51399e-07,9.5257
fs,1.08,27,0.90,2.439319e-06,-2.78504e-06,-3.45635e-07,13.2350
fs,1.08,125,0.50,2.900264e-06,-2.74144e-06,1.612054e-07,5.6304
fs,1.08,125,0.60,2.881929e-06,-2.91686e-06,-3.21358e-08,1.2048
fs,1.08,125,0.70,2.851792e-06,-3.00753e-06,-1.5255e-07,5.3159
fs,1.08,125,0.80,2.807846e-06,-3.04094e-06,-2.29521e-07,7.9707
fs,1.08,125,0.90,2.724904e-06,-3.06465e-06,-3.35786e-07,11.7365
fs,1.20,-40,0.50,2.68326e-06,-2.45635e-06,2.269129e-07,8.8299
fs,1.20,-40,0.60,2.675828e-06,-2.65658e-06,1.92518e-08,0.7219
fs,1.20,-40,0.70,2.649998e-06,-2.7709e-06,-1.20905e-07,4.4606
fs,1.20,-40,0.80,2.605549e-06,-2.79784e-06,-1.92287e-07,7.1174
fs,1.20,-40,0.90,2.54549e-06,-2.81563e-06,-2.70141e-07,10.0777
fs,1.20,27,0.50,2.851367e-06,-2.56976e-06,2.816579e-07,10.3892
fs,1.20,27,0.60,2.841375e-06,-2.77391e-06,6.753097e-08,2.4029
fs,1.20,27,0.70,2.816002e-06,-2.91943e-06,-1.03355e-07,3.6066
fs,1.20,27,0.80,2.778122e-06,-2.96625e-06,-1.88058e-07,6.5500
fs,1.20,27,0.90,2.727397e-06,-2.98814e-06,-2.60658e-07,9.1240
fs,1.20,125,0.50,3.125693e-06,-2.7524e-06,3.756083e-07,12.7012
fs,1.20,125,0.60,3.110977e-06,-2.9547e-06,1.590121e-07,5.1528
fs,1.20,125,0.70,3.086276e-06,-3.12359e-06,-3.41864e-08,1.2018
fs,1.20,125,0.80,3.053073e-06,-3.215e-06,-1.58408e-07,5.1667
fs,1.20,125,0.90,3.008133e-06,-3.2488e-06,-2.36773e-07,7.6928
fs,1.32,-40,0.50,2.932707e-06,-2.46259e-06,4.701228e-07,17.4269
fs,1.32,-40,0.60,2.926788e-06,-2.67898e-06,2.478051e-07,8.8412
fs,1.32,-40,0.70,2.906136e-06,-2.87183e-06,3.430398e-08,1.1875
fs,1.32,-40,0.80,2.868195e-06,-2.98924e-06,-1.21048e-07,4.1330
fs,1.32,-40,0.90,2.818637e-06,-3.01789e-06,-1.99252e-07,6.8278
fs,1.32,27,0.50,3.086361e-06,-2.5748e-06,5.116172e-07,18.0727
fs,1.32,27,0.60,3.078591e-06,-2.78964e-06,2.890079e-07,9.8480
fs,1.32,27,0.70,3.057444e-06,-2.98518e-06,7.233711e-08,2.3918
fs,1.32,27,0.80,3.025107e-06,-3.12943e-06,-1.04244e-07,3.3901
fs,1.32,27,0.90,2.983907e-06,-3.17916e-06,-1.95177e-07,6.3362
fs,1.32,125,0.50,3.3409e-06,-2.75638e-06,5.867687e-07,19.1731
fs,1.32,125,0.60,3.328815e-06,-2.96495e-06,3.665255e-07,11.5627
fs,1.32,125,0.70,3.307577e-06,-3.15758e-06,1.530616e-07,4.6402
fs,1.32,125,0.80,3.27957e-06,-3.32044e-06,-3.74084e-08,1.2385
fs,1.32,125,0.90,3.244601e-06,-3.41292e-06,-1.6448e-07,5.0565
sf,1.08,-40,0.50,2.463295e-06,-2.26681e-06,1.964817e-07,8.3078
sf,1.08,-40,0.60,2.443815e-06,-2.31981e-06,1.240045e-07,5.2063
sf,1.08,-40,0.70,2.403974e-06,-2.33793e-06,6.603872e-08,2.7855
sf,1.08,-40,0.80,2.347643e-06,-2.3541e-06,-6.45362e-09,0.2747
sf,1.08,-40,0.90,2.265426e-06,-2.36886e-06,-1.03437e-07,4.4639
sf,1.08,27,0.50,2.635495e-06,-2.39817e-06,2.372423e-07,9.4295
sf,1.08,27,0.60,2.614243e-06,-2.48775e-06,1.264211e-07,4.9586
sf,1.08,27,0.70,2.579478e-06,-2.51303e-06,6.638958e-08,2.6096
sf,1.08,27,0.80,2.53142e-06,-2.53249e-06,-1.12468e-09,0.0423
sf,1.08,27,0.90,2.457464e-06,-2.55004e-06,-9.26244e-08,3.6975
sf,1.08,125,0.50,2.918573e-06,-2.58799e-06,3.272427e-07,12.0069
sf,1.08,125,0.60,2.896467e-06,-2.72912e-06,1.643472e-07,5.9495
sf,1.08,125,0.70,2.865497e-06,-2.78055e-06,8.227519e-08,3.0091
sf,1.08,125,0.80,2.822144e-06,-2.80637e-06,1.341821e-08,0.5605
sf,1.08,125,0.90,2.741372e-06,-2.82813e-06,-8.87787e-08,3.1155
sf,1.20,-40,0.50,2.71561e-06,-2.31812e-06,3.974842e-07,15.7931
sf,1.20,-40,0.60,2.700685e-06,-2.49151e-06,2.091766e-07,8.0573
sf,1.20,-40,0.70,2.66724e-06,-2.54925e-06,1.179838e-07,4.5237
sf,1.20,-40,0.80,2.621125e-06,-2.5674e-06,5.372282e-08,2.0709
sf,1.20,-40,0.90,2.561321e-06,-2.58336e-06,-2.20356e-08,0.8568
sf,1.20,27,0.50,2.875662e-06,-2.43164e-06,4.439349e-07,16.7325
sf,1.20,27,0.60,2.858457e-06,-2.61863e-06,2.397451e-07,8.7575
sf,1.20,27,0.70,2.829043e-06,-2.71148e-06,1.174899e-07,4.2438
sf,1.20,27,0.80,2.790385e-06,-2.73735e-06,5.297208e-08,1.9189
sf,1.20,27,0.90,2.74007e-06,-2.7566e-06,-1.65879e-08,0.6015
sf,1.20,125,0.50,3.141136e-06,-2.60672e-06,5.307194e-07,18.5953
sf,1.20,125,0.60,3.122393e-06,-2.8006e-06,3.184518e-07,10.8659
sf,1.20,125,0.70,3.096499e-06,-2.93924e-06,1.542639e-07,5.2109
sf,1.20,125,0.80,3.063506e-06,-2.99208e-06,6.875908e-08,2.3590
sf,1.20,125,0.90,3.019497e-06,-3.0178e-06,-6.53976e-10,0.0562
sf,1.32,-40,0.50,2.958867e-06,-2.32805e-06,6.308178e-07,23.8633
sf,1.32,-40,0.60,2.947237e-06,-2.53638e-06,4.108516e-07,14.9849
sf,1.32,-40,0.70,2.918483e-06,-2.70641e-06,2.120718e-07,7.5405
sf,1.32,-40,0.80,2.878362e-06,-2.76931e-06,1.090488e-07,3.8618
sf,1.32,-40,0.90,2.828784e-06,-2.78755e-06,4.123454e-08,1.4684
sf,1.32,27,0.50,3.106285e-06,-2.43945e-06,6.667344e-07,24.0486
sf,1.32,27,0.60,3.092193e-06,-2.64853e-06,4.435759e-07,15.4567
sf,1.32,27,0.70,3.066451e-06,-2.82931e-06,2.370588e-07,8.0445
sf,1.32,27,0.80,3.033009e-06,-2.92552e-06,1.07413e-07,3.6079
sf,1.32,27,0.90,2.991954e-06,-2.95222e-06,3.966913e-08,1.3369
sf,1.32,125,0.50,3.353944e-06,-2.61227e-06,7.375878e-07,24.8625
sf,1.32,125,0.60,3.337701e-06,-2.81783e-06,5.161691e-07,16.8912
sf,1.32,125,0.70,3.314942e-06,-3.00322e-06,3.083846e-07,9.8675
sf,1.32,125,0.80,3.286909e-06,-3.13959e-06,1.443306e-07,4.5847
sf,1.32,125,0.90,3.252562e-06,-3.19422e-06,5.568025e-08,1.8100
ss,1.08,-40,0.50,2.177895e-06,-2.17651e-06,1.384107e-09,0.0636
ss,1.08,-40,0.60,2.171649e-06,-2.2104e-06,-3.87465e-08,1.7686
ss,1.08,-40,0.70,2.146763e-06,-2.22661e-06,-7.98437e-08,3.6515
ss,1.08,-40,0.80,2.098573e-06,-2.24148e-06,-1.42904e-07,6.5855
ss,1.08,-40,0.90,2.024752e-06,-2.25501e-06,-2.30258e-07,10.7603
ss,1.08,27,0.50,2.360563e-06,-2.31403e-06,4.653281e-08,1.9909
ss,1.08,27,0.60,2.351891e-06,-2.37646e-06,-2.45646e-08,1.0392
ss,1.08,27,0.70,2.326341e-06,-2.39762e-06,-7.12775e-08,3.0178
ss,1.08,27,0.80,2.284189e-06,-2.41568e-06,-1.31489e-07,5.5955
ss,1.08,27,0.90,2.217286e-06,-2.43197e-06,-2.14677e-07,9.2352
ss,1.08,125,0.50,2.656353e-06,-2.51399e-06,1.422957e-07,5.5069
ss,1.08,125,0.60,2.642533e-06,-2.63065e-06,1.185643e-08,0.4507
ss,1.08,125,0.70,2.616546e-06,-2.66857e-06,-5.19998e-08,1.9687
ss,1.08,125,0.80,2.577342e-06,-2.69181e-06,-1.14399e-07,4.3448
ss,1.08,125,0.90,2.503097e-06,-2.71201e-06,-2.08807e-07,8.0118
ss,1.20,-40,0.50,2.426498e-06,-2.24911e-06,1.773841e-07,7.5878
ss,1.20,-40,0.60,2.421567e-06,-2.40184e-06,1.972599e-08,0.8180
ss,1.20,-40,0.70,2.402789e-06,-2.43937e-06,-3.65826e-08,1.5109
ss,1.20,-40,0.80,2.36408e-06,-2.45546e-06,-9.13826e-08,3.7921
ss,1.20,-40,0.90,2.310117e-06,-2.47017e-06,-1.60051e-07,6.6964
ss,1.20,27,0.50,2.598217e-06,-2.36158e-06,2.366413e-07,9.5422
ss,1.20,27,0.60,2.591736e-06,-2.53455e-06,5.718582e-08,2.2311
ss,1.20,27,0.70,2.571559e-06,-2.60092e-06,-2.93643e-08,1.1353
ss,1.20,27,0.80,2.538012e-06,-2.62223e-06,-8.42136e-08,3.2641
ss,1.20,27,0.90,2.492224e-06,-2.64011e-06,-1.47878e-07,5.7629
ss,1.20,125,0.50,2.877925e-06,-2.53976e-06,3.380695e-07,12.4837
ss,1.20,125,0.60,2.86719e-06,-2.72633e-06,1.40805e-07,5.0365
ss,1.20,125,0.70,2.846104e-06,-2.84279e-06,3.310156e-09,0.1165
ss,1.20,125,0.80,2.816415e-06,-2.88171e-06,-6.52614e-08,2.2918
ss,1.20,125,0.90,2.775785e-06,-2.90478e-06,-1.28917e-07,4.5416
ss,1.32,-40,0.50,2.6665e-06,-2.26166e-06,4.048372e-07,16.4297
ss,1.32,-40,0.60,2.66233e-06,-2.46484e-06,1.97486e-07,7.7037
ss,1.32,-40,0.70,2.647809e-06,-2.6174e-06,3.040599e-08,1.1551
ss,1.32,-40,0.80,2.615046e-06,-2.65922e-06,-4.41687e-08,1.6751
ss,1.32,-40,0.90,2.570292e-06,-2.67518e-06,-1.04888e-07,3.9992
ss,1.32,27,0.50,2.826813e-06,-2.37141e-06,4.55401e-07,17.5215
ss,1.32,27,0.60,2.821705e-06,-2.57648e-06,2.452299e-07,9.0855
ss,1.32,27,0.70,2.805356e-06,-2.74534e-06,6.001821e-08,2.1625
ss,1.32,27,0.80,2.776791e-06,-2.81597e-06,-3.91832e-08,1.4011
ss,1.32,27,0.90,2.739391e-06,-2.83751e-06,-9.81148e-08,3.5188
ss,1.32,125,0.50,3.089987e-06,-2.547e-06,5.428563e-07,19.2651
ss,1.32,125,0.60,3.081427e-06,-2.74983e-06,3.315179e-07,11.3731
ss,1.32,125,0.70,3.06354e-06,-2.92885e-06,1.346549e-07,4.4954
ss,1.32,125,0.80,3.038492e-06,-3.04527e-06,-6.76919e-09,0.2228
ss,1.32,125,0.90,3.006736e-06,-3.08552e-06,-7.8733e-08,2.5864
tt,1.08,-40,0.50,2.441094e-06,-2.35229e-06,8.880812e-08,3.7053
tt,1.08,-40,0.60,2.426642e-06,-2.43159e-06,-4.94593e-09,0.2037
tt,1.08,-40,0.70,2.389447e-06,-2.45271e-06,-6.32629e-08,2.6130
tt,1.08,-40,0.80,2.33358e-06,-2.47022e-06,-1.36643e-07,5.6888
tt,1.08,-40,0.90,2.251132e-06,-2.48627e-06,-2.35141e-07,9.9269
tt,1.08,27,0.50,2.619816e-06,-2.47892e-06,1.408897e-07,5.5267
tt,1.08,27,0.60,2.602226e-06,-2.59794e-06,4.288073e-09,0.1648
tt,1.08,27,0.70,2.568743e-06,-2.63065e-06,-6.18946e-08,2.3813
tt,1.08,27,0.80,2.520808e-06,-2.65168e-06,-1.30862e-07,5.0603
tt,1.08,27,0.90,2.446418e-06,-2.67052e-06,-2.24088e-07,8.7592
tt,1.08,125,0.50,2.908079e-06,-2.66771e-06,2.402044e-07,8.6219
tt,1.08,125,0.60,2.887489e-06,-2.82859e-06,5.903584e-08,2.0608
tt,1.08,125,0.70,2.856806e-06,-2.89839e-06,-4.11666e-08,1.4451
tt,1.08,125,0.80,2.813168e-06,-2.92759e-06,-1.13716e-07,3.9863
tt,1.08,125,0.90,2.731377e-06,-2.95061e-06,-2.18242e-07,7.7168
tt,1.20,-40,0.50,2.696687e-06,-2.38857e-06,3.081207e-07,12.1181
tt,1.20,-40,0.60,2.685934e-06,-2.57726e-06,1.086711e-07,4.1296
tt,1.20,-40,0.70,2.655556e-06,-2.66115e-06,-5.59207e-09,0.2104
tt,1.20,-40,0.80,2.610074e-06,-2.68266e-06,-7.25857e-08,2.7429
tt,1.20,-40,0.90,2.550177e-06,-2.69993e-06,-1.49754e-07,5.7048
tt,1.20,27,0.50,2.862412e-06,-2.50298e-06,3.594289e-07,13.3982
tt,1.20,27,0.60,2.848721e-06,-2.70007e-06,1.486495e-07,5.3580
tt,1.20,27,0.70,2.820853e-06,-2.82043e-06,4.252887e-10,0.0150
tt,1.20,27,0.80,2.782465e-06,-2.8545e-06,-7.20242e-08,2.5558
tt,1.20,27,0.90,2.731946e-06,-2.87533e-06,-1.43365e-07,5.1142
tt,1.20,125,0.50,3.13223e-06,-2.68202e-06,4.498858e-07,15.4864
tt,1.20,125,0.60,3.115176e-06,-2.88097e-06,2.34194e-07,7.8119
tt,1.20,125,0.70,3.08972e-06,-3.03709e-06,5.291251e-08,1.7180
tt,1.20,125,0.80,3.056611e-06,-3.1082e-06,-5.10236e-08,1.6737
tt,1.20,125,0.90,3.01218e-06,-3.13745e-06,-1.24432e-07,4.0741
tt,1.32,-40,0.50,2.943071e-06,-2.39657e-06,5.465049e-07,20.4696
tt,1.32,-40,0.60,2.934771e-06,-2.60948e-06,3.252909e-07,11.7344
tt,1.32,-40,0.70,2.909451e-06,-2.79246e-06,1.169907e-07,4.1036
tt,1.32,-40,0.80,2.870154e-06,-2.88103e-06,-1.08774e-08,0.3782
tt,1.32,-40,0.90,2.82058e-06,-2.90314e-06,-8.25564e-08,2.8848
tt,1.32,27,0.50,3.095341e-06,-2.50931e-06,5.86019e-07,20.9123
tt,1.32,27,0.60,3.084489e-06,-2.72188e-06,3.626109e-07,12.4900
tt,1.32,27,0.70,3.060562e-06,-2.91133e-06,1.492363e-07,4.9978
tt,1.32,27,0.80,3.027518e-06,-3.03298e-06,-5.45304e-09,0.1802
tt,1.32,27,0.90,2.98637e-06,-3.0688e-06,-8.24128e-08,2.7226
tt,1.32,125,0.50,3.346388e-06,-2.68677e-06,6.591201e-07,21.8664
tt,1.32,125,0.60,3.331966e-06,-2.89427e-06,4.375186e-07,14.0597
tt,1.32,125,0.70,3.309784e-06,-3.08404e-06,2.258758e-07,7.0613
tt,1.32,125,0.80,3.281736e-06,-3.23576e-06,4.640364e-08,1.4108
tt,1.32,125,0.90,3.247106e-06,-3.30856e-06,-6.0745e-08,1.8748
