corner,vdd_v,temp_c,vctrl_v,vbp_v,freq_hz,current_a,power_w,energy_j,vmin_v,vmax_v
tt,1.08,-40,0.35,8.42615e-01,FAIL,FAIL,FAIL,FAIL,1.00844e-04,1.03750e-03
tt,1.08,-40,0.4,6.76368e-01,FAIL,FAIL,FAIL,FAIL,-9.50776e-05,1.18863e-04
tt,1.08,-40,0.45,6.05459e-01,FAIL,FAIL,FAIL,FAIL,1.87570e-01,1.08000e+00
tt,1.08,-40,0.5,5.54824e-01,FAIL,FAIL,FAIL,FAIL,-3.45011e-03,1.08579e+00
tt,1.08,-40,0.55,0.502031,437380267,6.87643e-06,7.4265444e-06,1.69796055e-14,-0.00755556,1.09171
tt,1.08,-40,0.6,0.447362,811411694,1.36315e-05,1.472202e-05,1.81437119e-14,-0.0127304,1.0987
tt,1.08,-40,0.65,0.392268,1.25887507e+09,2.18641e-05,2.3613228e-05,1.87574038e-14,-0.0180221,1.10568
tt,1.08,-40,0.7,0.337689,1.75100683e+09,3.22734e-05,3.4855272e-05,1.99058458e-14,-0.0225772,1.11184
tt,1.08,-40,0.75,0.284639,2.2390399e+09,4.17864e-05,4.5129312e-05,2.01556533e-14,-0.0257941,1.11597
tt,1.08,-40,0.8,0.235712,2.66638225e+09,5.04729e-05,5.4510732e-05,2.04437049e-14,-0.0276436,1.11683
tt,1.08,-40,0.85,0.194281,3.00498828e+09,5.84451e-05,6.3120708e-05,2.10053092e-14,-0.0285724,1.11324
tt,1.08,-40,0.9,0.162162,3.25754121e+09,6.38747e-05,6.8984676e-05,2.11769158e-14,-0.0290157,1.10412
tt,1.08,-40,0.95,0.13847,3.44293338e+09,6.87596e-05,7.4260368e-05,2.15689239e-14,-0.0292474,1.09035
tt,1.08,27,0.35,7.01792e-01,FAIL,FAIL,FAIL,FAIL,-6.88396e-05,1.68346e-01
tt,1.08,27,0.4,6.50284e-01,FAIL,FAIL,FAIL,FAIL,9.42252e-01,1.08000e+00
tt,1.08,27,0.45,5.97743e-01,FAIL,FAIL,FAIL,FAIL,-9.03126e-04,1.08368e+00
tt,1.08,27,0.5,0.542732,355297846,6.62945e-06,7.159806e-06,2.01515604e-14,-0.00442053,1.08757
tt,1.08,27,0.55,0.485468,704274949,1.24108e-05,1.3403664e-05,1.90318625e-14,-0.00774073,1.09241
tt,1.08,27,0.6,0.427551,1.11708129e+09,1.8926e-05,2.044008e-05,1.82977552e-14,-0.0115803,1.09797
tt,1.08,27,0.65,0.370281,1.56729986e+09,2.80277e-05,3.0269916e-05,1.93134172e-14,-0.0153372,1.10353
tt,1.08,27,0.7,0.314854,2.02085523e+09,3.66092e-05,3.9537936e-05,1.95649523e-14,-0.0183694,1.10804
tt,1.08,27,0.75,0.263034,2.4317292e+09,4.59383e-05,4.9613364e-05,2.04025037e-14,-0.0203622,1.10993
tt,1.08,27,0.8,0.217895,2.76816609e+09,5.2918e-05,5.715144e-05,2.06459577e-14,-0.0214949,1.10765
tt,1.08,27,0.85,0.181852,3.02516941e+09,5.81511e-05,6.2803188e-05,2.07602218e-14,-0.0220925,1.09977
tt,1.08,27,0.9,0.154806,3.21543408e+09,6.24839e-05,6.7482612e-05,2.09870923e-14,-0.0224009,1.0867
tt,1.08,27,0.95,0.134908,3.35671847e+09,6.57445e-05,7.100406e-05,2.11528195e-14,-0.022591,1.07034
tt,1.08,125,0.35,6.91105e-01,FAIL,FAIL,FAIL,FAIL,1.06535e+00,1.08137e+00
tt,1.08,125,0.4,6.35519e-01,FAIL,FAIL,FAIL,FAIL,-1.85259e-03,1.08318e+00
tt,1.08,125,0.45,0.577674,421128878,8.12141e-06,8.7711228e-06,2.08276451e-14,-0.00343692,1.08586
tt,1.08,125,0.5,0.518267,768586339,1.27843e-05,1.3807044e-05,1.79642069e-14,-0.00548754,1.08908
tt,1.08,125,0.55,0.458663,1.17517099e+09,2.10305e-05,2.271294e-05,1.93273492e-14,-0.00776205,1.09263
tt,1.08,125,0.6,0.40019,1.59565981e+09,2.83877e-05,3.0658716e-05,1.92138173e-14,-0.0099787,1.09628
tt,1.08,125,0.65,0.343834,1.99768269e+09,3.61665e-05,3.905982e-05,1.95525647e-14,-0.0118433,1.09932
tt,1.08,125,0.7,0.291362,2.35432607e+09,4.36371e-05,4.7128068e-05,2.00176469e-14,-0.0131874,1.10029
tt,1.08,125,0.75,0.245244,2.64872596e+09,4.91585e-05,5.309118e-05,2.00440441e-14,-0.0140486,1.09734
tt,1.08,125,0.8,0.207662,2.87902344e+09,5.42305e-05,5.856894e-05,2.03433356e-14,-0.01456,1.08915
tt,1.08,125,0.85,0.178762,3.05427446e+09,5.8318e-05,6.298344e-05,2.06214081e-14,-0.014862,1.07614
tt,1.08,125,0.9,0.156988,3.18745418e+09,6.07918e-05,6.5655144e-05,2.05979883e-14,-0.0150437,1.05997
tt,1.08,125,0.95,0.140514,3.29012305e+09,6.23546e-05,6.7342968e-05,2.04682217e-14,-0.0151611,1.04231
tt,1.20,-40,0.35,9.34113e-01,FAIL,FAIL,FAIL,FAIL,2.82384e-04,4.15525e-03
tt,1.20,-40,0.4,7.82604e-01,FAIL,FAIL,FAIL,FAIL,-6.29468e-05,1.01463e-04
tt,1.20,-40,0.45,7.22664e-01,FAIL,FAIL,FAIL,FAIL,1.19293e+00,1.20000e+00
tt,1.20,-40,0.5,6.70814e-01,FAIL,FAIL,FAIL,FAIL,-2.35101e-03,1.20417e+00
tt,1.20,-40,0.55,0.616308,428360920,8.02344e-06,9.628128e-06,2.24766723e-14,-0.00505195,1.20867
tt,1.20,-40,0.6,0.559611,876470279,1.59826e-05,1.917912e-05,2.18822252e-14,-0.00856722,1.21378
tt,1.20,-40,0.65,0.502443,1.39641401e+09,2.64738e-05,3.176856e-05,2.27501012e-14,-0.0124795,1.21944
tt,1.20,-40,0.7,0.445436,1.95236236e+09,3.82169e-05,4.586028e-05,2.34896354e-14,-0.0163429,1.22512
tt,1.20,-40,0.75,0.389213,2.51705303e+09,4.95227e-05,5.942724e-05,2.36098482e-14,-0.019646,1.23007
tt,1.20,-40,0.8,0.335038,3.04952427e+09,6.23885e-05,7.48662e-05,2.45501243e-14,-0.0220087,1.23308
tt,1.20,-40,0.85,0.284719,3.51197584e+09,7.26105e-05,8.71326e-05,2.48101365e-14,-0.0234585,1.23278
tt,1.20,-40,0.9,0.240756,3.88802488e+09,8.16785e-05,9.80142e-05,2.52092522e-14,-0.0242658,1.22773
tt,1.20,-40,0.95,0.204915,4.17955362e+09,8.87338e-05,0.00010648056,2.54765388e-14,-0.0247028,1.21733
tt,1.20,27,0.35,8.16740e-01,FAIL,FAIL,FAIL,FAIL,6.97198e-05,1.17066e+00
tt,1.20,27,0.4,7.67143e-01,FAIL,FAIL,FAIL,FAIL,1.19870e+00,1.20000e+00
tt,1.20,27,0.45,7.13699e-01,FAIL,FAIL,FAIL,FAIL,-3.70709e-07,1.20279e+00
tt,1.20,27,0.5,0.656959,321529968,7.52888e-06,9.034656e-06,2.80989547e-14,-0.00338193,1.20613
tt,1.20,27,0.55,0.597875,701011560,1.43701e-05,1.724412e-05,2.45989096e-14,-0.00584038,1.21017
tt,1.20,27,0.6,0.537776,1.18757793e+09,2.28183e-05,2.738196e-05,2.30569794e-14,-0.00871958,1.21456
tt,1.20,27,0.65,0.478478,1.70957705e+09,3.34902e-05,4.018824e-05,2.35077091e-14,-0.0116656,1.2192
tt,1.20,27,0.7,0.420301,2.23428737e+09,4.38763e-05,5.265156e-05,2.35652587e-14,-0.0143625,1.22366
tt,1.20,27,0.75,0.364475,2.73238975e+09,5.54305e-05,6.65166e-05,2.43437453e-14,-0.0164868,1.22686
tt,1.20,27,0.8,0.312257,3.17258883e+09,6.41649e-05,7.699788e-05,2.42697318e-14,-0.0179301,1.22719
tt,1.20,27,0.85,0.265859,3.53744384e+09,7.26468e-05,8.717616e-05,2.46438287e-14,-0.0188202,1.22282
tt,1.20,27,0.9,0.227138,3.82584743e+09,8.079e-05,9.6948e-05,2.53402682e-14,-0.0193363,1.2127
tt,1.20,27,0.95,0.196495,4.04727214e+09,8.54739e-05,0.00010256868,2.53426695e-14,-0.0196363,1.19771
tt,1.20,125,0.35,8.06792e-01,FAIL,FAIL,FAIL,FAIL,1.19999e+00,1.20038e+00
tt,1.20,125,0.4,7.49632e-01,FAIL,FAIL,FAIL,FAIL,-1.50624e-03,1.20257e+00
tt,1.20,125,0.45,6.90653e-01,FAIL,FAIL,FAIL,FAIL,-2.86790e-03,1.20497e+00
tt,1.20,125,0.5,0.629626,727839118,1.59224e-05,1.910688e-05,2.62515156e-14,-0.00463414,1.20797
tt,1.20,125,0.55,0.567931,1.17741252e+09,2.43386e-05,2.920632e-05,2.48055117e-14,-0.00664442,1.21121
tt,1.20,125,0.6,0.507263,1.664392e+09,3.33972e-05,4.007664e-05,2.40788468e-14,-0.00864856,1.21452
tt,1.20,125,0.65,0.448352,2.14160278e+09,4.19427e-05,5.033124e-05,2.35016692e-14,-0.010437,1.21759
tt,1.20,125,0.7,0.39206,2.57851581e+09,5.21881e-05,6.262572e-05,2.42875067e-14,-0.0118632,1.21956
tt,1.20,125,0.75,0.339682,2.95840483e+09,6.05509e-05,7.266108e-05,2.45608983e-14,-0.0128829,1.21876
tt,1.20,125,0.8,0.292948,3.27385824e+09,6.7078e-05,8.04936e-05,2.45867701e-14,-0.0135615,1.21336
tt,1.20,125,0.85,0.253478,3.52683925e+09,7.28081e-05,8.736972e-05,2.47728104e-14,-0.0139938,1.20248
tt,1.20,125,0.9,0.221725,3.72522724e+09,7.8677e-05,9.44124e-05,2.53440647e-14,-0.014266,1.18708
tt,1.20,125,0.95,0.196823,3.87972842e+09,8.12574e-05,9.750888e-05,2.51329138e-14,-0.0144417,1.16888
tt,1.32,-40,0.35,1.02517e+00,FAIL,FAIL,FAIL,FAIL,1.19884e-03,1.03518e-02
tt,1.32,-40,0.4,8.93880e-01,FAIL,FAIL,FAIL,FAIL,-6.91821e-06,1.18257e-02
tt,1.32,-40,0.45,8.40188e-01,FAIL,FAIL,FAIL,FAIL,1.31905e+00,1.32000e+00
tt,1.32,-40,0.5,7.87044e-01,FAIL,FAIL,FAIL,FAIL,-1.78616e-03,1.32317e+00
tt,1.32,-40,0.55,7.31030e-01,FAIL,FAIL,FAIL,FAIL,-3.93345e-03,1.32715e+00
tt,1.32,-40,0.6,0.672659,858575452,1.84172e-05,2.4310704e-05,2.83151632e-14,-0.00657317,1.33157
tt,1.32,-40,0.65,0.613566,1.46479368e+09,2.99791e-05,3.9572412e-05,2.70156899e-14,-0.00955097,1.33615
tt,1.32,-40,0.7,0.554389,2.10606124e+09,4.4624e-05,5.890368e-05,2.79686453e-14,-0.0125319,1.34085
tt,1.32,-40,0.75,0.495918,2.74273176e+09,5.94619e-05,7.8489708e-05,2.86173475e-14,-0.0152912,1.34542
tt,1.32,-40,0.8,0.438763,3.35232987e+09,7.35754e-05,9.7119528e-05,2.89707552e-14,-0.0175708,1.34908
tt,1.32,-40,0.85,0.3839,3.90670782e+09,8.61769e-05,0.000113753508,2.91174854e-14,-0.0192089,1.35054
tt,1.32,-40,0.9,0.332896,4.38596491e+09,9.91772e-05,0.000130913904,2.98483701e-14,-0.0201763,1.34815
tt,1.32,-40,0.95,0.287422,4.78194338e+09,0.000109279,0.00014424828,3.01652003e-14,-0.0209188,1.3408
tt,1.32,27,0.35,9.33130e-01,FAIL,FAIL,FAIL,FAIL,1.65827e-03,1.31864e+00
tt,1.32,27,0.4,8.84310e-01,FAIL,FAIL,FAIL,FAIL,1.31930e+00,1.32000e+00
tt,1.32,27,0.45,8.29858e-01,FAIL,FAIL,FAIL,FAIL,4.71782e-07,1.32220e+00
tt,1.32,27,0.5,0.771473,290699365,9.19141e-06,1.21326612e-05,4.17361119e-14,-0.00279092,1.32512
tt,1.32,27,0.55,0.7107,651262146,1.68599e-05,2.2255068e-05,3.41722118e-14,-0.00482424,1.32889
tt,1.32,27,0.6,0.648946,1.17920357e+09,2.61318e-05,3.4493976e-05,2.92519265e-14,-0.00719657,1.33284
tt,1.32,27,0.65,0.587629,1.77939109e+09,3.69605e-05,4.878786e-05,2.74182894e-14,-0.00965447,1.33685
tt,1.32,27,0.7,0.527483,2.38327892e+09,5.12959e-05,6.7710588e-05,2.84106856e-14,-0.0119459,1.34077
tt,1.32,27,0.75,0.469155,2.9577923e+09,6.44127e-05,8.5024764e-05,2.87460225e-14,-0.0138883,1.34414
tt,1.32,27,0.8,0.413403,3.48080337e+09,7.6663e-05,0.00010119516,2.90723575e-14,-0.0153702,1.34578
tt,1.32,27,0.85,0.361326,3.93545848e+09,8.78607e-05,0.000115976124,2.94695331e-14,-0.0163952,1.34377
tt,1.32,27,0.9,0.314431,4.3157395e+09,9.76065e-05,0.00012884058,2.98536508e-14,-0.0170642,1.33631
tt,1.32,27,0.95,0.273977,4.62384982e+09,0.000105274,0.00013896168,3.00532425e-14,-0.0174876,1.32306
tt,1.32,125,0.35,9.22925e-01,FAIL,FAIL,FAIL,FAIL,1.31999e+00,1.32010e+00
tt,1.32,125,0.4,8.64766e-01,FAIL,FAIL,FAIL,FAIL,-1.21978e-03,1.32209e+00
tt,1.32,125,0.45,0.804423,349123003,1.22642e-05,1.6188744e-05,4.63697432e-14,-0.00242187,1.32422
tt,1.32,125,0.5,0.741535,670479460,1.91487e-05,2.5276284e-05,3.76988193e-14,-0.00398639,1.32702
tt,1.32,125,0.55,0.678192,1.12898673e+09,2.61063e-05,3.4460316e-05,3.05232249e-14,-0.00581365,1.33016
tt,1.32,125,0.6,0.615543,1.66066061e+09,3.83031e-05,5.0560092e-05,3.04457706e-14,-0.00769595,1.33331
tt,1.32,125,0.65,0.554606,2.20550936e+09,4.91664e-05,6.4899648e-05,2.94261494e-14,-0.0094345,1.33634
tt,1.32,125,0.7,0.495942,2.71835159e+09,6.10062e-05,8.0528184e-05,2.9623903e-14,-0.0108939,1.33875
tt,1.32,125,0.75,0.440069,3.17591387e+09,7.04057e-05,9.2935524e-05,2.92626084e-14,-0.012007,1.33928
tt,1.32,125,0.8,0.3882,3.56875201e+09,8.04492e-05,0.000106192944,2.97563248e-14,-0.0127992,1.33601
tt,1.32,125,0.85,0.341402,3.89681241e+09,8.76582e-05,0.000115708824,2.96931984e-14,-0.0133413,1.32728
tt,1.32,125,0.9,0.300841,4.16493128e+09,9.43444e-05,0.000124534608,2.99007594e-14,-0.0137036,1.31304
tt,1.32,125,0.95,0.266969,4.38020149e+09,0.000100603,0.00013279596,3.03173177e-14,-0.0139456,1.29466
ss,1.08,-40,0.35,8.88594e-01,FAIL,FAIL,FAIL,FAIL,6.73444e-05,1.76387e-04
ss,1.08,-40,0.4,8.86704e-01,FAIL,FAIL,FAIL,FAIL,7.34571e-05,2.44231e-04
ss,1.08,-40,0.45,8.36951e-01,FAIL,FAIL,FAIL,FAIL,4.28944e-05,2.26816e-04
ss,1.08,-40,0.5,5.80700e-01,FAIL,FAIL,FAIL,FAIL,-9.61980e-05,1.69655e-04
ss,1.08,-40,0.55,5.01010e-01,FAIL,FAIL,FAIL,FAIL,1.57135e-02,1.08002e+00
ss,1.08,-40,0.6,4.49157e-01,FAIL,FAIL,FAIL,FAIL,-1.18514e-02,1.09774e+00
ss,1.08,-40,0.65,0.395842,436744160,7.55908e-06,8.1638064e-06,1.86924226e-14,-0.0195103,1.10729
ss,1.08,-40,0.7,0.341764,763638585,1.38419e-05,1.4949252e-05,1.95763445e-14,-0.0261144,1.11551
ss,1.08,-40,0.75,0.288091,1.14982178e+09,2.03536e-05,2.1981888e-05,1.9117648e-14,-0.0312165,1.12221
ss,1.08,-40,0.8,0.236214,1.54380548e+09,2.87755e-05,3.107754e-05,2.01304765e-14,-0.0345964,1.12674
ss,1.08,-40,0.85,0.189615,1.88572506e+09,3.64967e-05,3.9416436e-05,2.0902536e-14,-0.0364949,1.12812
ss,1.08,-40,0.9,0.152223,2.14514018e+09,4.26179e-05,4.6027332e-05,2.14565614e-14,-0.0374357,1.12579
ss,1.08,-40,0.95,0.12487,2.33013328e+09,4.71365e-05,5.090742e-05,2.18474284e-14,-0.0378867,1.11867
ss,1.08,27,0.35,8.65214e-01,FAIL,FAIL,FAIL,FAIL,1.66663e-04,4.62609e-04
ss,1.08,27,0.4,7.91274e-01,FAIL,FAIL,FAIL,FAIL,4.73154e-05,2.14229e-04
ss,1.08,27,0.45,6.07700e-01,FAIL,FAIL,FAIL,FAIL,-3.65233e-04,2.09755e-03
ss,1.08,27,0.5,5.46821e-01,FAIL,FAIL,FAIL,FAIL,1.29601e-01,1.08000e+00
ss,1.08,27,0.55,4.93038e-01,FAIL,FAIL,FAIL,FAIL,-5.53370e-03,1.08926e+00
ss,1.08,27,0.6,0.437316,376947405,6.4882e-06,7.007256e-06,1.85894794e-14,-0.0111253,1.0971
ss,1.08,27,0.65,0.380275,657725978,1.09093e-05,1.1782044e-05,1.79133019e-14,-0.0171945,1.10512
ss,1.08,27,0.7,0.323831,998382620,1.79133e-05,1.9346364e-05,1.93777051e-14,-0.022512,1.11233
ss,1.08,27,0.75,0.269128,1.36102567e+09,2.55402e-05,2.7583416e-05,2.02666391e-14,-0.0263855,1.118
ss,1.08,27,0.8,0.21855,1.69500144e+09,3.28356e-05,3.5462448e-05,2.09217804e-14,-0.028746,1.12095
ss,1.08,27,0.85,0.175948,1.96201538e+09,3.82414e-05,4.1300712e-05,2.10501469e-14,-0.0300234,1.12041
ss,1.08,27,0.9,0.143645,2.15782319e+09,4.21336e-05,4.5504288e-05,2.10880522e-14,-0.030679,1.11533
ss,1.08,27,0.95,0.120449,2.29779412e+09,4.50433e-05,4.8646764e-05,2.11710717e-14,-0.0310301,1.10559
ss,1.08,125,0.35,6.93998e-01,FAIL,FAIL,FAIL,FAIL,-7.10705e-05,5.38183e-01
ss,1.08,125,0.4,6.41471e-01,FAIL,FAIL,FAIL,FAIL,7.86100e-02,1.08000e+00
ss,1.08,125,0.45,5.88491e-01,FAIL,FAIL,FAIL,FAIL,1.36855e-06,1.08319e+00
ss,1.08,125,0.5,5.32049e-01,FAIL,FAIL,FAIL,FAIL,-3.67195e-03,1.08649e+00
ss,1.08,125,0.55,0.474141,471204682,7.49911e-06,8.0990388e-06,1.71879421e-14,-0.00649978,1.09084
ss,1.08,125,0.6,0.415209,747367398,1.31451e-05,1.4196708e-05,1.89956212e-14,-0.00990753,1.09602
ss,1.08,125,0.65,0.357046,1.05604427e+09,1.9436e-05,2.099088e-05,1.9876894e-14,-0.0133429,1.10138
ss,1.08,125,0.7,0.301046,1.37234451e+09,2.5026e-05,2.702808e-05,1.96948213e-14,-0.0161904,1.1061
ss,1.08,125,0.75,0.249134,1.66242748e+09,3.02105e-05,3.262734e-05,1.96263238e-14,-0.018155,1.10892
ss,1.08,125,0.8,0.204501,1.90067094e+09,3.52914e-05,3.8114712e-05,2.00532934e-14,-0.0193341,1.10867
ss,1.08,125,0.85,0.169508,2.08198872e+09,4.06123e-05,4.3861284e-05,2.10670133e-14,-0.0199887,1.10431
ss,1.08,125,0.9,0.143554,2.21582096e+09,4.27766e-05,4.6198728e-05,2.08494859e-14,-0.0203505,1.09569
ss,1.08,125,0.95,0.124581,2.31502917e+09,4.49099e-05,4.8502692e-05,2.09512228e-14,-0.0205626,1.08384
ss,1.20,-40,0.35,9.84066e-01,FAIL,FAIL,FAIL,FAIL,4.43587e-04,4.98314e-04
ss,1.20,-40,0.4,9.81661e-01,FAIL,FAIL,FAIL,FAIL,4.03017e-04,6.56989e-04
ss,1.20,-40,0.45,9.28527e-01,FAIL,FAIL,FAIL,FAIL,4.11800e-05,2.86700e-04
ss,1.20,-40,0.5,6.83666e-01,FAIL,FAIL,FAIL,FAIL,-2.71409e-04,1.09376e-04
ss,1.20,-40,0.55,6.17718e-01,FAIL,FAIL,FAIL,FAIL,1.19669e+00,1.20008e+00
ss,1.20,-40,0.6,5.64089e-01,FAIL,FAIL,FAIL,FAIL,-6.06610e-03,1.21024e+00
ss,1.20,-40,0.65,0.508827,503261132,8.58526e-06,1.0302312e-05,2.0471106e-14,-0.0117531,1.21832
ss,1.20,-40,0.7,0.452496,872311101,1.62853e-05,1.954236e-05,2.24029707e-14,-0.0177607,1.22641
ss,1.20,-40,0.75,0.396343,1.30693328e+09,2.62106e-05,3.145272e-05,2.40660487e-14,-0.0231828,1.23371
ss,1.20,-40,0.8,0.341041,1.77169888e+09,3.59934e-05,4.319208e-05,2.43789057e-14,-0.0274535,1.23981
ss,1.20,-40,0.85,0.287775,2.22113633e+09,4.59624e-05,5.515488e-05,2.48318301e-14,-0.0303465,1.24382
ss,1.20,-40,0.9,0.238987,2.60987577e+09,5.52295e-05,6.62754e-05,2.53940823e-14,-0.0320475,1.24468
ss,1.20,-40,0.95,0.197579,2.91757841e+09,6.1923e-05,7.43076e-05,2.54689299e-14,-0.0329677,1.2414
ss,1.20,27,0.35,9.58242e-01,FAIL,FAIL,FAIL,FAIL,5.52797e-04,1.96061e-03
ss,1.20,27,0.4,8.79530e-01,FAIL,FAIL,FAIL,FAIL,3.92317e-05,5.65374e-04
ss,1.20,27,0.45,7.18356e-01,FAIL,FAIL,FAIL,FAIL,-2.08648e-04,4.50855e-01
ss,1.20,27,0.5,6.63054e-01,FAIL,FAIL,FAIL,FAIL,1.19728e+00,1.20000e+00
ss,1.20,27,0.55,6.07930e-01,FAIL,FAIL,FAIL,FAIL,-3.28424e-03,1.20614e+00
ss,1.20,27,0.6,0.550389,415308263,7.92443e-06,9.509316e-06,2.28970065e-14,-0.00676733,1.21166
ss,1.20,27,0.65,0.49146,742291305,1.42848e-05,1.714176e-05,2.30930362e-14,-0.0111286,1.21814
ss,1.20,27,0.7,0.43266,1.12508719e+09,2.08681e-05,2.504172e-05,2.22575816e-14,-0.0156626,1.22477
ss,1.20,27,0.75,0.375097,1.54152086e+09,2.96372e-05,3.556464e-05,2.30711376e-14,-0.0196748,1.23084
ss,1.20,27,0.8,0.319929,1.95545474e+09,3.97068e-05,4.764816e-05,2.43667925e-14,-0.0226866,1.23555
ss,1.20,27,0.85,0.268595,2.32704256e+09,4.84364e-05,5.812368e-05,2.4977489e-14,-0.0246275,1.23762
ss,1.20,27,0.9,0.223685,2.6315097e+09,5.51878e-05,6.622536e-05,2.51662991e-14,-0.0257388,1.23577
ss,1.20,27,0.95,0.18734,2.86598647e+09,6.09376e-05,7.312512e-05,2.55148169e-14,-0.0263913,1.2289
ss,1.20,125,0.35,8.08293e-01,FAIL,FAIL,FAIL,FAIL,1.13182e-04,1.19715e+00
ss,1.20,125,0.4,7.57809e-01,FAIL,FAIL,FAIL,FAIL,6.35408e-01,1.20000e+00
ss,1.20,125,0.45,7.03683e-01,FAIL,FAIL,FAIL,FAIL,2.89032e-05,1.20245e+00
ss,1.20,125,0.5,6.45767e-01,FAIL,FAIL,FAIL,FAIL,-2.85154e-03,1.20525e+00
ss,1.20,125,0.55,0.586148,473706899,8.93005e-06,1.071606e-05,2.26217098e-14,-0.00496541,1.2089
ss,1.20,125,0.6,0.525222,798977309,1.51373e-05,1.816476e-05,2.27350136e-14,-0.00753993,1.21304
ss,1.20,125,0.65,0.464918,1.15612283e+09,2.09398e-05,2.512776e-05,2.17345073e-14,-0.0102518,1.2175
ss,1.20,125,0.7,0.406235,1.52371665e+09,2.87734e-05,3.452808e-05,2.26604336e-14,-0.0127898,1.2219
ss,1.20,125,0.75,0.350209,1.87818117e+09,3.69453e-05,4.433436e-05,2.36049433e-14,-0.0148577,1.22551
ss,1.20,125,0.8,0.298219,2.19495599e+09,4.4525e-05,5.343e-05,2.43421737e-14,-0.0163305,1.22704
ss,1.20,125,0.85,0.252366,2.45857304e+09,5.14246e-05,6.170952e-05,2.50997302e-14,-0.0172824,1.22504
ss,1.20,125,0.9,0.214375,2.66688002e+09,5.51065e-05,6.61278e-05,2.47959412e-14,-0.0178616,1.21838
ss,1.20,125,0.95,0.184652,2.82677521e+09,5.98554e-05,7.182648e-05,2.54093356e-14,-0.0182066,1.20719
ss,1.32,-40,0.35,1.07943e+00,FAIL,FAIL,FAIL,FAIL,3.28159e-03,4.15057e-03
ss,1.32,-40,0.4,1.07653e+00,FAIL,FAIL,FAIL,FAIL,3.08258e-03,5.17275e-03
ss,1.32,-40,0.45,1.01995e+00,FAIL,FAIL,FAIL,FAIL,9.32955e-05,2.16302e-03
ss,1.32,-40,0.5,7.92487e-01,FAIL,FAIL,FAIL,FAIL,-1.65976e-04,2.46966e-02
ss,1.32,-40,0.55,7.34643e-01,FAIL,FAIL,FAIL,FAIL,1.31993e+00,1.32000e+00
ss,1.32,-40,0.6,6.79666e-01,FAIL,FAIL,FAIL,FAIL,-3.78688e-03,1.32716e+00
ss,1.32,-40,0.65,0.6224,546251079,1.1545e-05,1.52394e-05,2.789816e-14,-0.00744738,1.33293
ss,1.32,-40,0.7,0.564239,975495552,1.98318e-05,2.6177976e-05,2.68355668e-14,-0.011731,1.33944
ss,1.32,-40,0.75,0.505998,1.45806602e+09,2.99966e-05,3.9595512e-05,2.7156186e-14,-0.0160883,1.34599
ss,1.32,-40,0.8,0.448274,1.97258112e+09,4.21805e-05,5.567826e-05,2.82260939e-14,-0.0200484,1.35203
ss,1.32,-40,0.85,0.391898,2.48768595e+09,5.42646e-05,7.1629272e-05,2.87935348e-14,-0.0231801,1.35695
ss,1.32,-40,0.9,0.337846,2.96656679e+09,6.65036e-05,8.7784752e-05,2.95913621e-14,-0.0254447,1.35994
ss,1.32,-40,0.95,0.287842,3.37997702e+09,7.71841e-05,0.000101883012,3.01431079e-14,-0.0268256,1.3595
ss,1.32,27,0.35,1.05048e+00,FAIL,FAIL,FAIL,FAIL,2.06974e-03,6.62098e-03
ss,1.32,27,0.4,9.68382e-01,FAIL,FAIL,FAIL,FAIL,4.28340e-05,1.95585e-03
ss,1.32,27,0.45,8.32497e-01,FAIL,FAIL,FAIL,FAIL,-1.02667e-04,1.31840e+00
ss,1.32,27,0.5,7.79725e-01,FAIL,FAIL,FAIL,FAIL,1.31967e+00,1.32000e+00
ss,1.32,27,0.55,7.23381e-01,FAIL,FAIL,FAIL,FAIL,-2.40988e-03,1.32472e+00
ss,1.32,27,0.6,0.664202,409480288,8.61126e-06,1.13668632e-05,2.7759244e-14,-0.00483609,1.32926
ss,1.32,27,0.65,0.603281,794836741,1.62366e-05,2.1432312e-05,2.69644204e-14,-0.00792841,1.33428
ss,1.32,27,0.7,0.542492,1.23443074e+09,2.53788e-05,3.3500016e-05,2.7138028e-14,-0.0112544,1.33971
ss,1.32,27,0.75,0.48306,1.69937973e+09,3.63784e-05,4.8019488e-05,2.82570677e-14,-0.0145138,1.3451
ss,1.32,27,0.8,0.425251,2.16783368e+09,4.55664e-05,6.0147648e-05,2.77455085e-14,-0.0173379,1.34995
ss,1.32,27,0.85,0.370075,2.61103423e+09,5.73421e-05,7.5691572e-05,2.89891152e-14,-0.0194782,1.3533
ss,1.32,27,0.9,0.318659,3.00228173e+09,6.70802e-05,8.8545864e-05,2.94928564e-14,-0.0209301,1.3537
ss,1.32,27,0.95,0.272687,3.32856239e+09,7.57822e-05,0.000100032504,3.00527652e-14,-0.0218386,1.34954
ss,1.32,125,0.35,9.24072e-01,FAIL,FAIL,FAIL,FAIL,1.70825e-03,1.31937e+00
ss,1.32,125,0.4,8.74451e-01,FAIL,FAIL,FAIL,FAIL,1.31092e+00,1.32000e+00
ss,1.32,125,0.45,8.19262e-01,FAIL,FAIL,FAIL,FAIL,1.44424e-03,1.32196e+00
ss,1.32,125,0.5,7.60227e-01,FAIL,FAIL,FAIL,FAIL,-2.35857e-03,1.32438e+00
ss,1.32,125,0.55,0.699002,444219373,9.99051e-06,1.31874732e-05,2.96868484e-14,-0.00411156,1.32773
ss,1.32,125,0.6,0.636176,800781563,1.73943e-05,2.2960476e-05,2.86725832e-14,-0.00623947,1.3315
ss,1.32,125,0.65,0.573972,1.21173933e+09,2.55279e-05,3.3696828e-05,2.78086443e-14,-0.00850342,1.33536
ss,1.32,125,0.7,0.513297,1.63361323e+09,3.41923e-05,4.5133836e-05,2.76282264e-14,-0.0106663,1.33922
ss,1.32,125,0.75,0.454923,2.04281745e+09,4.38439e-05,5.7873948e-05,2.8330455e-14,-0.0125661,1.34274
ss,1.32,125,0.8,0.399367,2.42083858e+09,5.2929e-05,6.986628e-05,2.88603629e-14,-0.0140738,1.34505
ss,1.32,125,0.85,0.347733,2.75277342e+09,6.1355e-05,8.09886e-05,2.94207287e-14,-0.015167,1.34465
ss,1.32,125,0.9,0.301383,3.03195682e+09,6.75467e-05,8.9161644e-05,2.94072934e-14,-0.0159113,1.33988
ss,1.32,125,0.95,0.261575,3.2587089e+09,7.33323e-05,9.6798636e-05,2.97045974e-14,-0.0163994,1.32987
ff,1.08,-40,0.35,7.20532e-01,FAIL,FAIL,FAIL,FAIL,1.64874e-02,1.08000e+00
ff,1.08,-40,0.4,6.69357e-01,FAIL,FAIL,FAIL,FAIL,4.43836e-06,1.08206e+00
ff,1.08,-40,0.45,0.615113,304737758,6.66595e-06,7.199226e-06,2.36243321e-14,-0.0033106,1.08531
ff,1.08,-40,0.5,0.55873,739295008,1.3011e-05,1.405188e-05,1.9007135e-14,-0.00607354,1.08931
ff,1.08,-40,0.55,0.500792,1.3236793e+09,2.33072e-05,2.5171776e-05,1.90165216e-14,-0.00940642,1.09382
ff,1.08,-40,0.6,0.442289,1.95167649e+09,3.46255e-05,3.739554e-05,1.91607268e-14,-0.0128727,1.09872
ff,1.08,-40,0.65,0.383968,2.57924738e+09,4.67146e-05,5.0451768e-05,1.9560655e-14,-0.0159998,1.10335
ff,1.08,-40,0.7,0.327163,3.1680659e+09,5.76881e-05,6.2303148e-05,1.96659887e-14,-0.0182967,1.10641
ff,1.08,-40,0.75,0.274422,3.67593001e+09,6.89609e-05,7.4477772e-05,2.02609331e-14,-0.0196651,1.10661
ff,1.08,-40,0.8,0.229208,4.08229915e+09,7.86972e-05,8.4992976e-05,2.08198794e-14,-0.0204462,1.1027
ff,1.08,-40,0.85,0.193637,4.39039382e+09,8.48093e-05,9.1594044e-05,2.08623754e-14,-0.0208342,1.094
ff,1.08,-40,0.9,0.167165,4.61936438e+09,8.9499e-05,9.665892e-05,2.0924723e-14,-0.0210431,1.08145
ff,1.08,-40,0.95,0.147694,4.7911077e+09,9.29608e-05,0.000100397664,2.09550004e-14,-0.0211714,1.06668
ff,1.08,27,0.35,7.13807e-01,FAIL,FAIL,FAIL,FAIL,6.52175e-01,1.08132e+00
ff,1.08,27,0.4,6.57707e-01,FAIL,FAIL,FAIL,FAIL,-2.16410e-03,1.08346e+00
ff,1.08,27,0.45,0.599268,562667042,1.14259e-05,1.2339972e-05,2.19312152e-14,-0.00410085,1.08656
ff,1.08,27,0.5,0.539539,1.07743527e+09,1.98735e-05,2.146338e-05,1.99208069e-14,-0.00654943,1.09008
ff,1.08,27,0.55,0.479414,1.67934573e+09,3.07175e-05,3.31749e-05,1.97546577e-14,-0.00918727,1.09388
ff,1.08,27,0.6,0.420235,2.28639367e+09,4.05661e-05,4.3811388e-05,1.91617868e-14,-0.0116632,1.09773
ff,1.08,27,0.65,0.362949,2.85534807e+09,5.18496e-05,5.5997568e-05,1.96114683e-14,-0.0136414,1.10077
ff,1.08,27,0.7,0.309229,3.35322916e+09,6.25584e-05,6.7563072e-05,2.01486593e-14,-0.0149833,1.10145
ff,1.08,27,0.75,0.261636,3.76109523e+09,7.13328e-05,7.7039424e-05,2.04832421e-14,-0.015795,1.09806
ff,1.08,27,0.8,0.222595,4.07846976e+09,7.85762e-05,8.4862296e-05,2.08073864e-14,-0.0162534,1.08948
ff,1.08,27,0.85,0.192471,4.31816219e+09,8.31063e-05,8.9754804e-05,2.07854175e-14,-0.016514,1.07644
ff,1.08,27,0.9,0.169878,4.49862792e+09,8.68564e-05,9.3804912e-05,2.08518939e-14,-0.0166716,1.06073
ff,1.08,27,0.95,0.152931,4.6369285e+09,8.91894e-05,9.6324552e-05,2.07733529e-14,-0.0167777,1.04398
ff,1.08,125,0.35,0.693428,304925461,9.21468e-06,9.9518544e-06,3.2637007e-14,-0.00160762,1.08242
ff,1.08,125,0.4,0.632986,610504338,1.40542e-05,1.5178536e-05,2.48622902e-14,-0.00300015,1.08454
ff,1.08,125,0.45,0.571781,1.06888996e+09,2.19797e-05,2.3738076e-05,2.2208157e-14,-0.00474107,1.0871
ff,1.08,125,0.5,0.51073,1.61723324e+09,3.09888e-05,3.3467904e-05,2.06945438e-14,-0.00660071,1.08985
ff,1.08,125,0.55,0.451189,2.17983651e+09,4.11565e-05,4.444902e-05,2.03909879e-14,-0.0083142,1.09255
ff,1.08,125,0.6,0.39423,2.69716258e+09,5.1223e-05,5.532084e-05,2.05107546e-14,-0.00966822,1.09446
ff,1.08,125,0.65,0.341031,3.14099947e+09,5.9052e-05,6.377616e-05,2.03044161e-14,-0.0106015,1.0941
ff,1.08,125,0.7,0.293707,3.50385424e+09,6.64749e-05,7.1792892e-05,2.04896914e-14,-0.0111957,1.08967
ff,1.08,125,0.75,0.254064,3.79031952e+09,7.27501e-05,7.8570108e-05,2.07291516e-14,-0.0115578,1.08023
ff,1.08,125,0.8,0.222532,4.01187515e+09,7.73939e-05,8.3585412e-05,2.08344998e-14,-0.0117783,1.06661
ff,1.08,125,0.85,0.198156,4.18305028e+09,8.06823e-05,8.7136884e-05,2.08309435e-14,-0.0119199,1.05045
ff,1.08,125,0.9,0.179421,4.31648465e+09,8.35637e-05,9.0248796e-05,2.09079386e-14,-0.0120189,1.03324
ff,1.08,125,0.95,0.164826,4.42203944e+09,8.55012e-05,9.2341296e-05,2.08820607e-14,-0.012094,1.016
ff,1.20,-40,0.35,8.38122e-01,FAIL,FAIL,FAIL,FAIL,3.09651e-01,1.20000e+00
ff,1.20,-40,0.4,7.86111e-01,FAIL,FAIL,FAIL,FAIL,1.28838e-04,1.20150e+00
ff,1.20,-40,0.45,0.730377,272004483,8.48481e-06,1.0181772e-05,3.74323684e-14,-0.00265791,1.20416
ff,1.20,-40,0.5,0.672209,671208511,1.58403e-05,1.900836e-05,2.83196051e-14,-0.00490167,1.20779
ff,1.20,-40,0.55,0.612148,1.29659643e+09,2.68973e-05,3.227676e-05,2.48934511e-14,-0.00756059,1.21163
ff,1.20,-40,0.6,0.551313,2.0293855e+09,3.98307e-05,4.779684e-05,2.35523709e-14,-0.0103751,1.21562
ff,1.20,-40,0.65,0.490341,2.76357607e+09,5.4954e-05,6.59448e-05,2.38621259e-14,-0.0130085,1.21965
ff,1.20,-40,0.7,0.430173,3.45506686e+09,7.00933e-05,8.411196e-05,2.43445246e-14,-0.0151896,1.22319
ff,1.20,-40,0.75,0.37208,4.07564395e+09,8.41854e-05,0.00010102248,2.47868757e-14,-0.0167565,1.22508
ff,1.20,-40,0.8,0.318273,4.6038396e+09,9.54898e-05,0.00011458776,2.48896073e-14,-0.0177634,1.22402
ff,1.20,-40,0.85,0.271439,5.03094028e+09,0.000105295,0.000126354,2.51153846e-14,-0.0183626,1.21878
ff,1.20,-40,0.9,0.233375,5.36365587e+09,0.000113719,0.0001364628,2.54421244e-14,-0.0187077,1.2091
ff,1.20,-40,0.95,0.203966,5.61797753e+09,0.000119251,0.0001431012,2.54720136e-14,-0.0188681,1.19604
ff,1.20,27,0.35,8.30188e-01,FAIL,FAIL,FAIL,FAIL,1.20000e+00,1.20092e+00
ff,1.20,27,0.4,7.72888e-01,FAIL,FAIL,FAIL,FAIL,-1.79350e-03,1.20273e+00
ff,1.20,27,0.45,0.71268,503509461,1.24219e-05,1.490628e-05,2.96047665e-14,-0.00346986,1.20551
ff,1.20,27,0.5,0.651111,1.00533835e+09,2.21877e-05,2.662524e-05,2.648386e-14,-0.00556979,1.20879
ff,1.20,27,0.55,0.58897,1.66074335e+09,3.48837e-05,4.186044e-05,2.52058453e-14,-0.00790451,1.21218
ff,1.20,27,0.6,0.527558,2.36479296e+09,4.81472e-05,5.777664e-05,2.44320078e-14,-0.0101573,1.21562
ff,1.20,27,0.65,0.467488,3.03859009e+09,6.1303e-05,7.35636e-05,2.42097808e-14,-0.0120768,1.21876
ff,1.20,27,0.7,0.409809,3.64444768e+09,7.39755e-05,8.87706e-05,2.43577649e-14,-0.0135063,1.22068
ff,1.20,27,0.75,0.355988,4.16302402e+09,8.51659e-05,0.00010219908,2.4549241e-14,-0.014468,1.21982
ff,1.20,27,0.8,0.307886,4.58926113e+09,9.58474e-05,0.00011501688,2.50621782e-14,-0.015076,1.21455
ff,1.20,27,0.85,0.267218,4.9275648e+09,0.000103256,0.0001239072,2.51457272e-14,-0.0154452,1.20432
ff,1.20,27,0.9,0.234616,5.19022162e+09,0.000109722,0.0001316664,2.53681653e-14,-0.0156697,1.19016
ff,1.20,27,0.95,0.20927,5.39316147e+09,0.00011456,0.000137472,2.54900582e-14,-0.015816,1.17379
ff,1.20,125,0.35,0.807492,282500240,1.19196e-05,1.430352e-05,5.06318862e-14,-0.00129069,1.20188
ff,1.20,125,0.4,0.745386,554778865,1.67278e-05,2.007336e-05,3.61826329e-14,-0.00253367,1.20373
ff,1.20,125,0.45,0.682368,986222472,2.49985e-05,2.99982e-05,3.04172749e-14,-0.004109,1.20611
ff,1.20,125,0.5,0.619337,1.54820331e+09,3.5892e-05,4.30704e-05,2.78196021e-14,-0.0058794,1.20875
ff,1.20,125,0.55,0.557687,2.16806868e+09,4.71708e-05,5.660496e-05,2.61084718e-14,-0.0076185,1.2114
ff,1.20,125,0.6,0.498114,2.77454081e+09,5.8574e-05,7.02888e-05,2.53334893e-14,-0.00910061,1.21376
ff,1.20,125,0.65,0.441409,3.31696962e+09,7.04754e-05,8.457048e-05,2.54963083e-14,-0.0102051,1.21481
ff,1.20,125,0.7,0.388708,3.77729093e+09,7.99041e-05,9.588492e-05,2.53845737e-14,-0.0109467,1.21289
ff,1.20,125,0.75,0.341436,4.15523976e+09,8.77958e-05,0.00010535496,2.53547247e-14,-0.0114212,1.20639
ff,1.20,125,0.8,0.300899,4.45831476e+09,9.59737e-05,0.00011516844,2.58322811e-14,-0.0117195,1.195
ff,1.20,125,0.85,0.267507,4.69836497e+09,0.00010131,0.000121572,2.58753845e-14,-0.0119076,1.17985
ff,1.20,125,0.9,0.240768,4.88758553e+09,0.000104592,0.0001255104,2.56794278e-14,-0.0120334,1.16256
ff,1.20,125,0.95,0.219637,5.03778338e+09,0.000108033,0.0001296396,2.57334606e-14,-0.0121248,1.14445
ff,1.32,-40,0.35,9.55941e-01,FAIL,FAIL,FAIL,FAIL,1.29121e+00,1.32000e+00
ff,1.32,-40,0.4,9.03088e-01,FAIL,FAIL,FAIL,FAIL,1.49938e-02,1.32116e+00
ff,1.32,-40,0.45,8.46039e-01,FAIL,FAIL,FAIL,FAIL,-2.23233e-03,1.32334e+00
ff,1.32,-40,0.5,0.786323,605162032,1.69066e-05,2.2316712e-05,3.68772507e-14,-0.00420102,1.32663
ff,1.32,-40,0.55,0.724369,1.20558911e+09,2.9178e-05,3.851496e-05,3.19470039e-14,-0.00649103,1.33028
ff,1.32,-40,0.6,0.661327,1.9876369e+09,4.52099e-05,5.9677068e-05,3.00241297e-14,-0.00896523,1.33393
ff,1.32,-40,0.65,0.598012,2.82613611e+09,6.22566e-05,8.2178712e-05,2.90781155e-14,-0.0113356,1.33752
ff,1.32,-40,0.7,0.535079,3.62660477e+09,8.00842e-05,0.000105711144,2.91487908e-14,-0.0133664,1.34088
ff,1.32,-40,0.75,0.47362,4.3516101e+09,9.72918e-05,0.000128425176,2.95121054e-14,-0.014919,1.34338
ff,1.32,-40,0.8,0.414841,4.9845479e+09,0.000112359,0.00014831388,2.97547306e-14,-0.0160037,1.34391
ff,1.32,-40,0.85,0.360573,5.5175458e+09,0.000124875,0.000164835,2.98746954e-14,-0.0167202,1.3411
ff,1.32,-40,0.9,0.312866,5.95238095e+09,0.000136816,0.00018059712,3.03403162e-14,-0.0171081,1.33396
ff,1.32,-40,0.95,0.273078,6.29802242e+09,0.000144753,0.00019107396,3.03387234e-14,-0.0174558,1.32274
ff,1.32,27,0.35,9.46951e-01,FAIL,FAIL,FAIL,FAIL,1.32000e+00,1.32018e+00
ff,1.32,27,0.4,8.88531e-01,FAIL,FAIL,FAIL,FAIL,-1.49541e-03,1.32219e+00
ff,1.32,27,0.45,0.827118,461290784,1.51821e-05,2.0040372e-05,4.34441196e-14,-0.00299873,1.32462
ff,1.32,27,0.5,0.763491,918712333,2.54074e-05,3.3537768e-05,3.65051897e-14,-0.00487789,1.3277
ff,1.32,27,0.55,0.699496,1.57425774e+09,3.84439e-05,5.0745948e-05,3.22348411e-14,-0.00700995,1.33098
ff,1.32,27,0.6,0.635963,2.33530277e+09,5.42626e-05,7.1626632e-05,3.06712401e-14,-0.00915107,1.33423
ff,1.32,27,0.65,0.573678,3.10462589e+09,7.04456e-05,9.2988192e-05,2.99514966e-14,-0.0110566,1.33731
ff,1.32,27,0.7,0.513335,3.81402799e+09,8.60561e-05,0.000113594052,2.97832245e-14,-0.012558,1.33973
ff,1.32,27,0.75,0.455802,4.43537656e+09,0.000101315,0.0001337358,3.01520735e-14,-0.0136177,1.34031
ff,1.32,27,0.8,0.402253,4.96105571e+09,0.000113212,0.00014943984,3.01225885e-14,-0.0143248,1.33744
ff,1.32,27,0.85,0.354047,5.39461617e+09,0.000123887,0.00016353084,3.03137118e-14,-0.0147822,1.32976
ff,1.32,27,0.9,0.31247,5.74448529e+09,0.000133217,0.00017584644,3.06113483e-14,-0.0150725,1.31735
ff,1.32,27,0.95,0.278054,6.02191979e+09,0.000139418,0.00018403176,3.05603141e-14,-0.0152594,1.30155
ff,1.32,125,0.35,0.921918,267382539,1.54388e-05,2.0379216e-05,7.62174527e-14,-0.000972491,1.32145
ff,1.32,125,0.4,0.858281,514736918,2.05616e-05,2.7141312e-05,5.27285125e-14,-0.00212848,1.32304
ff,1.32,125,0.45,0.793719,908034287,2.87204e-05,3.7910928e-05,4.17505468e-14,-0.00355714,1.3252
ff,1.32,125,0.5,0.729117,1.45249611e+09,3.88347e-05,5.1261804e-05,3.52922142e-14,-0.00521583,1.32769
ff,1.32,125,0.55,0.665466,2.09152514e+09,5.23867e-05,6.9150444e-05,3.30622103e-14,-0.00692713,1.33029
ff,1.32,125,0.6,0.603695,2.7567955e+09,6.6632e-05,8.795424e-05,3.1904521e-14,-0.00849272,1.33279
ff,1.32,125,0.65,0.544508,3.38375123e+09,8.04538e-05,0.000106199016,3.13849952e-14,-0.00975273,1.33462
ff,1.32,125,0.7,0.488475,3.93514875e+09,9.29586e-05,0.000122705352,3.11818841e-14,-0.0106461,1.33441
ff,1.32,125,0.75,0.436525,4.40082736e+09,0.000103496,0.00013661472,3.10429628e-14,-0.0112318,1.33037
ff,1.32,125,0.8,0.389606,4.7856049e+09,0.00011261,0.0001486452,3.1060901e-14,-0.0116058,1.32126
ff,1.32,125,0.85,0.348622,5.09865905e+09,0.000121207,0.00015999324,3.13794742e-14,-0.0118422,1.30738
ff,1.32,125,0.9,0.313956,5.3510274e+09,0.000127037,0.00016768884,3.13376904e-14,-0.0119949,1.29017
ff,1.32,125,0.95,0.285357,5.55401277e+09,0.00013101,0.0001729332,3.11366227e-14,-0.0121004,1.27122
sf,1.08,-40,0.35,8.83024e-01,FAIL,FAIL,FAIL,FAIL,4.61046e-05,4.96402e-05
sf,1.08,-40,0.4,8.42032e-01,FAIL,FAIL,FAIL,FAIL,1.97968e-05,4.51151e-05
sf,1.08,-40,0.45,7.02396e-01,FAIL,FAIL,FAIL,FAIL,-1.81068e-04,2.07241e-02
sf,1.08,-40,0.5,6.46696e-01,FAIL,FAIL,FAIL,FAIL,1.07877e+00,1.08000e+00
sf,1.08,-40,0.55,5.93069e-01,FAIL,FAIL,FAIL,FAIL,-3.69268e-03,1.08743e+00
sf,1.08,-40,0.6,0.537798,524427849,7.87235e-06,8.502138e-06,1.62122168e-14,-0.00805948,1.09404
sf,1.08,-40,0.65,0.481616,926243250,1.63988e-05,1.7710704e-05,1.91210074e-14,-0.0133228,1.10147
sf,1.08,-40,0.7,0.425199,1.38991202e+09,2.46819e-05,2.6656452e-05,1.91785175e-14,-0.0183829,1.10863
sf,1.08,-40,0.75,0.369007,1.88529844e+09,3.41277e-05,3.6857916e-05,1.95501758e-14,-0.0225035,1.11482
sf,1.08,-40,0.8,0.31424,2.36585597e+09,4.48778e-05,4.8468024e-05,2.04864644e-14,-0.0252463,1.1189
sf,1.08,-40,0.85,0.262709,2.78264741e+09,5.37942e-05,5.8097736e-05,2.08785834e-14,-0.0267771,1.12
sf,1.08,-40,0.9,0.217625,3.1143916e+09,6.19554e-05,6.6911832e-05,2.14847201e-14,-0.0275558,1.11775
sf,1.08,-40,0.95,0.181379,3.36417157e+09,6.75185e-05,7.291998e-05,2.16754641e-14,-0.0279402,1.11147
sf,1.08,27,0.35,8.17850e-01,FAIL,FAIL,FAIL,FAIL,6.90758e-05,2.14788e-04
sf,1.08,27,0.4,7.45437e-01,FAIL,FAIL,FAIL,FAIL,-5.95175e-05,1.07958e+00
sf,1.08,27,0.45,6.94337e-01,FAIL,FAIL,FAIL,FAIL,1.07969e+00,1.08000e+00
sf,1.08,27,0.5,6.38893e-01,FAIL,FAIL,FAIL,FAIL,-2.16505e-03,1.08460e+00
sf,1.08,27,0.55,0.581691,419787084,7.09121e-06,7.6585068e-06,1.82437886e-14,-0.0044128,1.08898
sf,1.08,27,0.6,0.523096,795551277,1.34088e-05,1.4481504e-05,1.82031057e-14,-0.00782954,1.09434
sf,1.08,27,0.65,0.464529,1.22247894e+09,2.094e-05,2.26152e-05,1.84994598e-14,-0.0116001,1.10026
sf,1.08,27,0.7,0.406978,1.67565937e+09,3.01332e-05,3.2543856e-05,1.94215224e-14,-0.0151087,1.10605
sf,1.08,27,0.75,0.351201,2.12431491e+09,3.93909e-05,4.2542172e-05,2.0026302e-14,-0.017816,1.11066
sf,1.08,27,0.8,0.298361,2.52786976e+09,4.68866e-05,5.0637528e-05,2.00316997e-14,-0.0195633,1.11281
sf,1.08,27,0.85,0.250808,2.86123033e+09,5.49293e-05,5.9323644e-05,2.07336136e-14,-0.0205772,1.1117
sf,1.08,27,0.9,0.210847,3.12061164e+09,6.17887e-05,6.6731796e-05,2.1384204e-14,-0.0211353,1.10646
sf,1.08,27,0.95,0.179436,3.31564987e+09,6.58797e-05,7.1150076e-05,2.14588629e-14,-0.0214442,1.09698
sf,1.08,125,0.35,7.92696e-01,FAIL,FAIL,FAIL,FAIL,1.07930e+00,1.08000e+00
sf,1.08,125,0.4,7.37173e-01,FAIL,FAIL,FAIL,FAIL,1.81129e-04,1.08172e+00
sf,1.08,125,0.45,6.79485e-01,FAIL,FAIL,FAIL,FAIL,-1.68985e-03,1.08390e+00
sf,1.08,125,0.5,0.620159,475646880,8.89353e-06,9.6050124e-06,2.01935781e-14,-0.00312977,1.08695
sf,1.08,125,0.55,0.559741,844680204,1.48917e-05,1.6083036e-05,1.90403847e-14,-0.00508785,1.09044
sf,1.08,125,0.6,0.499702,1.25968382e+09,2.19424e-05,2.3697792e-05,1.88124922e-14,-0.00730099,1.09425
sf,1.08,125,0.65,0.441264,1.67723324e+09,3.05126e-05,3.2953608e-05,1.96476002e-14,-0.00938312,1.09813
sf,1.08,125,0.7,0.385096,2.07189475e+09,3.85783e-05,4.1664564e-05,2.01094018e-14,-0.0110913,1.10142
sf,1.08,125,0.75,0.33213,2.42165932e+09,4.51647e-05,4.8777876e-05,2.01423361e-14,-0.0123234,1.10295
sf,1.08,125,0.8,0.284255,2.71363057e+09,5.19574e-05,5.6113992e-05,2.06785672e-14,-0.0131327,1.1016
sf,1.08,125,0.85,0.243205,2.94663641e+09,5.69514e-05,6.1507512e-05,2.08738043e-14,-0.0136387,1.09641
sf,1.08,125,0.9,0.209981,3.12734551e+09,6.14541e-05,6.6370428e-05,2.12226081e-14,-0.0139476,1.08727
sf,1.08,125,0.95,0.184068,3.26605265e+09,6.38482e-05,6.8956056e-05,2.11129652e-14,-0.014141,1.07506
sf,1.20,-40,0.35,9.76284e-01,FAIL,FAIL,FAIL,FAIL,5.33098e-04,6.29976e-04
sf,1.20,-40,0.4,9.33329e-01,FAIL,FAIL,FAIL,FAIL,5.58493e-05,3.39236e-04
sf,1.20,-40,0.45,8.16580e-01,FAIL,FAIL,FAIL,FAIL,-7.44825e-05,7.82853e-01
sf,1.20,-40,0.5,7.63690e-01,FAIL,FAIL,FAIL,FAIL,1.19994e+00,1.20000e+00
sf,1.20,-40,0.55,7.08874e-01,FAIL,FAIL,FAIL,FAIL,-2.66258e-03,1.20532e+00
sf,1.20,-40,0.6,0.651927,524557143,9.58289e-06,1.1499468e-05,2.19222408e-14,-0.00521887,1.21023
sf,1.20,-40,0.65,0.593871,1.00876618e+09,1.86705e-05,2.24046e-05,2.2209904e-14,-0.0087835,1.21578
sf,1.20,-40,0.7,0.535179,1.5449742e+09,2.92216e-05,3.506592e-05,2.26967674e-14,-0.0126336,1.22177
sf,1.20,-40,0.75,0.47684,2.10163507e+09,4.16975e-05,5.0037e-05,2.38086053e-14,-0.0162543,1.22762
sf,1.20,-40,0.8,0.419077,2.65484376e+09,5.28712e-05,6.344544e-05,2.38979939e-14,-0.0192127,1.23263
sf,1.20,-40,0.85,0.363097,3.16836702e+09,6.42929e-05,7.715148e-05,2.43505501e-14,-0.021263,1.23573
sf,1.20,-40,0.9,0.310454,3.61219477e+09,7.57821e-05,9.093852e-05,2.51754199e-14,-0.0225235,1.23606
sf,1.20,-40,0.95,0.263357,3.97424688e+09,8.48377e-05,0.00010180524,2.56162345e-14,-0.0232502,1.23284
sf,1.20,27,0.35,9.24169e-01,FAIL,FAIL,FAIL,FAIL,9.31207e-04,2.32224e-03
sf,1.20,27,0.4,8.62091e-01,FAIL,FAIL,FAIL,FAIL,5.88142e-04,1.19973e+00
sf,1.20,27,0.45,8.11107e-01,FAIL,FAIL,FAIL,FAIL,1.19991e+00,1.20000e+00
sf,1.20,27,0.5,7.54505e-01,FAIL,FAIL,FAIL,FAIL,-1.66595e-03,1.20343e+00
sf,1.20,27,0.55,0.69587,384909989,7.48509e-06,8.982108e-06,2.33356064e-14,-0.0034252,1.20724
sf,1.20,27,0.6,0.635526,803083842,1.55155e-05,1.86186e-05,2.31838807e-14,-0.00572771,1.21158
sf,1.20,27,0.65,0.574996,1.3085066e+09,2.54642e-05,3.055704e-05,2.33526067e-14,-0.00857376,1.21627
sf,1.20,27,0.7,0.515523,1.83200513e+09,3.50675e-05,4.2081e-05,2.29699138e-14,-0.0113805,1.22116
sf,1.20,27,0.75,0.457425,2.34774851e+09,4.66323e-05,5.595876e-05,2.38350742e-14,-0.0138505,1.22577
sf,1.20,27,0.8,0.401438,2.83173812e+09,5.71588e-05,6.859056e-05,2.42220704e-14,-0.0157502,1.22917
sf,1.20,27,0.85,0.348518,3.25817803e+09,6.69499e-05,8.033988e-05,2.4657916e-14,-0.0170444,1.23015
sf,1.20,27,0.9,0.30032,3.61493692e+09,7.58278e-05,9.099336e-05,2.51714932e-14,-0.0178643,1.22759
sf,1.20,27,0.95,0.258364,3.90122108e+09,8.24287e-05,9.891444e-05,2.53547384e-14,-0.0183657,1.2206
sf,1.20,125,0.35,9.09342e-01,FAIL,FAIL,FAIL,FAIL,1.19966e+00,1.20000e+00
sf,1.20,125,0.4,8.52839e-01,FAIL,FAIL,FAIL,FAIL,6.37312e-01,1.20134e+00
sf,1.20,125,0.45,7.94140e-01,FAIL,FAIL,FAIL,FAIL,-1.35562e-03,1.20316e+00
sf,1.20,125,0.5,0.733279,431596302,1.0126e-05,1.21512e-05,2.81540874e-14,-0.00260416,1.20592
sf,1.20,125,0.55,0.671206,806711843,1.72428e-05,2.069136e-05,2.56490099e-14,-0.00419339,1.20921
sf,1.20,125,0.6,0.609347,1.2719248e+09,2.5165e-05,3.0198e-05,2.37419696e-14,-0.00610314,1.21262
sf,1.20,125,0.65,0.549031,1.75842726e+09,3.52137e-05,4.225644e-05,2.40308149e-14,-0.00800819,1.21607
sf,1.20,125,0.7,0.490661,2.22439719e+09,4.44575e-05,5.3349e-05,2.39835764e-14,-0.00966702,1.2193
sf,1.20,125,0.75,0.434876,2.64802457e+09,5.32688e-05,6.392256e-05,2.41397156e-14,-0.0109728,1.22162
sf,1.20,125,0.8,0.382491,3.01668225e+09,6.19307e-05,7.431684e-05,2.46352893e-14,-0.0119174,1.22187
sf,1.20,125,0.85,0.334631,3.32623736e+09,6.97666e-05,8.371992e-05,2.51695567e-14,-0.0125656,1.21877
sf,1.20,125,0.9,0.292501,3.57871381e+09,7.57681e-05,9.092172e-05,2.54062562e-14,-0.0129973,1.21146
sf,1.20,125,0.95,0.256995,3.78028957e+09,8.08015e-05,9.69618e-05,2.5649305e-14,-0.0132805,1.20018
sf,1.32,-40,0.35,1.06967e+00,FAIL,FAIL,FAIL,FAIL,3.35878e-03,4.62869e-03
sf,1.32,-40,0.4,1.02686e+00,FAIL,FAIL,FAIL,FAIL,4.03628e-04,2.71894e-03
sf,1.32,-40,0.45,9.32901e-01,FAIL,FAIL,FAIL,FAIL,2.68103e-05,1.31872e+00
sf,1.32,-40,0.5,8.81021e-01,FAIL,FAIL,FAIL,FAIL,1.31996e+00,1.32000e+00
sf,1.32,-40,0.55,8.24890e-01,FAIL,FAIL,FAIL,FAIL,-2.04362e-03,1.32399e+00
sf,1.32,-40,0.6,0.76681,479227868,1.07912e-05,1.4244384e-05,2.97236136e-14,-0.00414105,1.32842
sf,1.32,-40,0.65,0.7068,1.00275758e+09,2.13159e-05,2.8136988e-05,2.80596113e-14,-0.00657515,1.33308
sf,1.32,-40,0.7,0.646219,1.63140121e+09,3.36959e-05,4.4478588e-05,2.72640401e-14,-0.00947878,1.33787
sf,1.32,-40,0.75,0.585721,2.27040527e+09,4.7431e-05,6.260892e-05,2.75760988e-14,-0.0123116,1.34277
sf,1.32,-40,0.8,0.525825,2.88992284e+09,6.166e-05,8.13912e-05,2.81637969e-14,-0.0148282,1.34746
sf,1.32,-40,0.85,0.467182,3.47403161e+09,7.64988e-05,0.000100978416,2.9066637e-14,-0.0168595,1.35125
sf,1.32,-40,0.9,0.410525,3.99984001e+09,8.95393e-05,0.000118191876,2.95491509e-14,-0.0182685,1.35308
sf,1.32,-40,0.95,0.357304,4.45335115e+09,0.000102161,0.00013485252,3.02811334e-14,-0.0192747,1.35202
sf,1.32,27,0.35,1.03521e+00,FAIL,FAIL,FAIL,FAIL,6.43696e-03,2.66840e-02
sf,1.32,27,0.4,9.79440e-01,FAIL,FAIL,FAIL,FAIL,1.33155e-02,1.31986e+00
sf,1.32,27,0.45,9.28163e-01,FAIL,FAIL,FAIL,FAIL,1.31993e+00,1.32000e+00
sf,1.32,27,0.5,8.70574e-01,FAIL,FAIL,FAIL,FAIL,-1.32573e-03,1.32267e+00
sf,1.32,27,0.55,0.810736,347955587,1.0259e-05,1.354188e-05,3.89184152e-14,-0.00284063,1.32602
sf,1.32,27,0.6,0.748647,753176522,1.60583e-05,2.1196956e-05,2.81434105e-14,-0.00470162,1.3301
sf,1.32,27,0.65,0.68638,1.31123466e+09,2.89757e-05,3.8247924e-05,2.91693968e-14,-0.00691655,1.33424
sf,1.32,27,0.7,0.624974,1.91681043e+09,4.10023e-05,5.4123036e-05,2.82359879e-14,-0.00926579,1.33839
sf,1.32,27,0.75,0.565116,2.50789988e+09,5.30874e-05,7.0075368e-05,2.79418522e-14,-0.0113895,1.34244
sf,1.32,27,0.8,0.507041,3.06213063e+09,6.78025e-05,8.94993e-05,2.92277864e-14,-0.013148,1.34599
sf,1.32,27,0.85,0.451262,3.56315696e+09,7.90955e-05,0.00010440606,2.93015607e-14,-0.0144806,1.34803
sf,1.32,27,0.9,0.398723,3.99904023e+09,8.99037e-05,0.000118672884,2.96753414e-14,-0.0154155,1.34732
sf,1.32,27,0.95,0.350352,4.36662154e+09,9.97687e-05,0.000131694684,3.01593996e-14,-0.0160601,1.34251
sf,1.32,125,0.35,1.02627e+00,FAIL,FAIL,FAIL,FAIL,1.31981e+00,1.32000e+00
sf,1.32,125,0.4,9.68897e-01,FAIL,FAIL,FAIL,FAIL,1.32000e+00,1.32108e+00
sf,1.32,125,0.45,9.09143e-01,FAIL,FAIL,FAIL,FAIL,-1.06690e-03,1.32260e+00
sf,1.32,125,0.5,0.846883,395452299,1.24923e-05,1.6489836e-05,4.16986728e-14,-0.00217282,1.32506
sf,1.32,125,0.55,0.783405,745906836,1.81538e-05,2.3963016e-05,3.21260174e-14,-0.00356057,1.32817
sf,1.32,125,0.6,0.719917,1.22636187e+09,2.91919e-05,3.8533308e-05,3.142083e-14,-0.00521489,1.3315
sf,1.32,125,0.65,0.657887,1.76404177e+09,3.93307e-05,5.1916524e-05,2.94304391e-14,-0.00698196,1.33474
sf,1.32,125,0.7,0.597781,2.29869204e+09,5.16615e-05,6.819318e-05,2.96660791e-14,-0.00860477,1.33785
sf,1.32,125,0.75,0.540099,2.79353018e+09,6.19441e-05,8.1766212e-05,2.92698509e-14,-0.00994482,1.34043
sf,1.32,125,0.8,0.48509,3.23279346e+09,7.24559e-05,9.5641788e-05,2.95848743e-14,-0.0109759,1.34162
sf,1.32,125,0.85,0.433459,3.61115124e+09,8.17536e-05,0.000107914752,2.98837531e-14,-0.0117227,1.34009
sf,1.32,125,0.9,0.385893,3.9306631e+09,8.95504e-05,0.000118206528,3.00729228e-14,-0.0122509,1.33452
sf,1.32,125,0.95,0.343306,4.19533479e+09,9.6787e-05,0.00012775884,3.04525971e-14,-0.0126184,1.32439
fs,1.08,-40,0.35,6.89197e-01,FAIL,FAIL,FAIL,FAIL,2.08718e-05,5.82153e-04
fs,1.08,-40,0.4,5.68449e-01,FAIL,FAIL,FAIL,FAIL,-5.87489e-04,1.08000e+00
fs,1.08,-40,0.45,5.20137e-01,FAIL,FAIL,FAIL,FAIL,-1.39629e-04,1.08412e+00
fs,1.08,-40,0.5,0.468519,360439592,6.35454e-06,6.8629032e-06,1.904037e-14,-0.00672863,1.08948
fs,1.08,-40,0.55,0.414443,710277719,1.2416e-05,1.340928e-05,1.88789253e-14,-0.0118942,1.09601
fs,1.08,-40,0.6,0.359149,1.14210009e+09,1.89037e-05,2.0415996e-05,1.78758378e-14,-0.0173771,1.10276
fs,1.08,-40,0.65,0.303977,1.62649231e+09,2.9024e-05,3.134592e-05,1.92720985e-14,-0.0222513,1.1088
fs,1.08,-40,0.7,0.250596,2.11028341e+09,3.95262e-05,4.2688296e-05,2.02287028e-14,-0.0258189,1.11283
fs,1.08,-40,0.75,0.202677,2.53190196e+09,4.68905e-05,5.064174e-05,2.00014616e-14,-0.0278813,1.11315
fs,1.08,-40,0.8,0.164493,2.85877644e+09,5.43091e-05,5.8653828e-05,2.0517109e-14,-0.0288972,1.10746
fs,1.08,-40,0.85,0.136679,3.09693404e+09,5.99194e-05,6.4712952e-05,2.08958122e-14,-0.0293669,1.09431
fs,1.08,-40,0.9,0.116905,3.26893531e+09,6.2137e-05,6.710796e-05,2.0528996e-14,-0.0296055,1.07559
fs,1.08,-40,0.95,0.10264,3.39547044e+09,6.4814e-05,6.999912e-05,2.06154408e-14,-0.0297485,1.05438
fs,1.08,27,0.35,6.11858e-01,FAIL,FAIL,FAIL,FAIL,4.61616e-04,1.08000e+00
fs,1.08,27,0.4,5.61834e-01,FAIL,FAIL,FAIL,FAIL,4.56546e-07,1.08268e+00
fs,1.08,27,0.45,0.507602,290236165,5.82545e-06,6.291486e-06,2.16771263e-14,-0.00412435,1.08609
fs,1.08,27,0.5,0.451177,612869024,1.02439e-05,1.1063412e-05,1.80518375e-14,-0.00738849,1.09046
fs,1.08,27,0.55,0.393495,1.01218673e+09,1.71522e-05,1.8524376e-05,1.83013425e-14,-0.0112819,1.09562
fs,1.08,27,0.6,0.336142,1.45683401e+09,2.55971e-05,2.7644868e-05,1.89759903e-14,-0.0152348,1.10093
fs,1.08,27,0.65,0.280342,1.90854264e+09,3.37118e-05,3.6408744e-05,1.90767255e-14,-0.0184887,1.10523
fs,1.08,27,0.7,0.229235,2.31685279e+09,4.28647e-05,4.6293876e-05,1.99813628e-14,-0.0206542,1.10657
fs,1.08,27,0.75,0.186697,2.64585263e+09,4.89786e-05,5.2896888e-05,1.99923788e-14,-0.0218234,1.10226
fs,1.08,27,0.8,0.154721,2.89151053e+09,5.38983e-05,5.8210164e-05,2.01314031e-14,-0.0224377,1.09015
fs,1.08,27,0.85,0.131807,3.07021584e+09,5.83478e-05,6.3015624e-05,2.05248189e-14,-0.0227406,1.07163
fs,1.08,27,0.9,0.115305,3.20153674e+09,6.01601e-05,6.4972908e-05,2.02942878e-14,-0.0229115,1.04989
fs,1.08,27,0.95,0.103143,3.30033003e+09,6.12173e-05,6.6114684e-05,2.00327493e-14,-0.0230152,1.0276
fs,1.08,125,0.35,5.97154e-01,FAIL,FAIL,FAIL,FAIL,-1.89544e-03,1.08238e+00
fs,1.08,125,0.4,0.540919,359425207,7.70216e-06,8.3183328e-06,2.31434319e-14,-0.00355578,1.08464
fs,1.08,125,0.45,0.482137,682505341,1.32552e-05,1.4315616e-05,2.09750974e-14,-0.00565639,1.08753
fs,1.08,125,0.5,0.422849,1.07884176e+09,1.96578e-05,2.1230424e-05,1.96789046e-14,-0.00800043,1.0908
fs,1.08,125,0.55,0.364152,1.49979003e+09,2.59871e-05,2.8066068e-05,1.87133315e-14,-0.0103271,1.0942
fs,1.08,125,0.6,0.307794,1.90526998e+09,3.35014e-05,3.6181512e-05,1.89902284e-14,-0.0123039,1.09691
fs,1.08,125,0.65,0.25622,2.26305784e+09,4.07591e-05,4.4019828e-05,1.94514816e-14,-0.0137167,1.0969
fs,1.08,125,0.7,0.212645,2.55395224e+09,4.65335e-05,5.025618e-05,1.96778073e-14,-0.0145902,1.09119
fs,1.08,125,0.75,0.178943,2.77716063e+09,5.14492e-05,5.5565136e-05,2.00078942e-14,-0.0150794,1.0781
fs,1.08,125,0.8,0.154035,2.94446735e+09,5.45081e-05,5.8868748e-05,1.99930042e-14,-0.0153633,1.05909
fs,1.08,125,0.85,0.135723,3.07040437e+09,5.72087e-05,6.1785396e-05,2.01228856e-14,-0.0155268,1.03692
fs,1.08,125,0.9,0.121988,3.16696225e+09,5.78053e-05,6.2429724e-05,1.97128097e-14,-0.0156304,1.01393
fs,1.08,125,0.95,0.111463,3.24296277e+09,5.91971e-05,6.3932868e-05,1.97143392e-14,-0.0157009,0.991625
fs,1.20,-40,0.35,7.81734e-01,FAIL,FAIL,FAIL,FAIL,-1.01797e-05,6.32010e-04
fs,1.20,-40,0.4,6.85936e-01,FAIL,FAIL,FAIL,FAIL,-2.59879e-04,1.20000e+00
fs,1.20,-40,0.45,6.36439e-01,FAIL,FAIL,FAIL,FAIL,-2.57709e-07,1.20297e+00
fs,1.20,-40,0.5,0.582989,343583577,7.49634e-06,8.995608e-06,2.61817171e-14,-0.00465174,1.20709
fs,1.20,-40,0.55,0.526699,756149385,1.31367e-05,1.576404e-05,2.08477853e-14,-0.00814026,1.2118
fs,1.20,-40,0.6,0.469053,1.26097044e+09,2.33861e-05,2.806332e-05,2.22553353e-14,-0.0121062,1.21711
fs,1.20,-40,0.65,0.411192,1.81264501e+09,3.48991e-05,4.187892e-05,2.31037626e-14,-0.0161475,1.22255
fs,1.20,-40,0.7,0.353839,2.37834752e+09,4.73371e-05,5.680452e-05,2.38840285e-14,-0.0196971,1.22736
fs,1.20,-40,0.75,0.298644,2.91324361e+09,5.82127e-05,6.985524e-05,2.39785097e-14,-0.0222995,1.23016
fs,1.20,-40,0.8,0.248622,3.37438839e+09,6.96447e-05,8.357364e-05,2.47670482e-14,-0.0238927,1.22902
fs,1.20,-40,0.85,0.206981,3.74237491e+09,7.82605e-05,9.39126e-05,2.50943858e-14,-0.0247491,1.22174
fs,1.20,-40,0.9,0.17499,4.02090873e+09,8.37075e-05,0.000100449,2.49816663e-14,-0.0251833,1.20774
fs,1.20,-40,0.95,0.151375,4.22868742e+09,8.8197e-05,0.0001058364,2.50281919e-14,-0.0254107,1.18897
fs,1.20,27,0.35,7.28883e-01,FAIL,FAIL,FAIL,FAIL,2.62115e-02,1.20000e+00
fs,1.20,27,0.4,6.77562e-01,FAIL,FAIL,FAIL,FAIL,3.09886e-06,1.20214e+00
fs,1.20,27,0.45,6.21802e-01,FAIL,FAIL,FAIL,FAIL,-3.21095e-03,1.20499e+00
fs,1.20,27,0.5,0.563588,598304405,1.20034e-05,1.440408e-05,2.40748353e-14,-0.00573463,1.20863
fs,1.20,27,0.55,0.503779,1.06416942e+09,2.12585e-05,2.55102e-05,2.39719349e-14,-0.00865975,1.21272
fs,1.20,27,0.6,0.443803,1.58222841e+09,3.04653e-05,3.655836e-05,2.31056147e-14,-0.0117132,1.21708
fs,1.20,27,0.65,0.38496,2.11081794e+09,4.1601e-05,4.99212e-05,2.36501685e-14,-0.0145917,1.22133
fs,1.20,27,0.7,0.328366,2.61396905e+09,5.1965e-05,6.2358e-05,2.38556765e-14,-0.0168878,1.22424
fs,1.20,27,0.75,0.276298,3.05642154e+09,6.21353e-05,7.456236e-05,2.43953129e-14,-0.0184405,1.22361
fs,1.20,27,0.8,0.231647,3.41810227e+09,6.98565e-05,8.38278e-05,2.45246612e-14,-0.0193639,1.2167
fs,1.20,27,0.85,0.196274,3.69795133e+09,7.65764e-05,9.189168e-05,2.48493481e-14,-0.0198743,1.2024
fs,1.20,27,0.9,0.169611,3.90899851e+09,7.99174e-05,9.590088e-05,2.45333631e-14,-0.0201545,1.18254
fs,1.20,27,0.95,0.149836,4.06801725e+09,8.42334e-05,0.00010108008,2.48475053e-14,-0.0203168,1.15995
fs,1.20,125,0.35,7.11788e-01,FAIL,FAIL,FAIL,FAIL,-1.56193e-03,1.20190e+00
fs,1.20,125,0.4,0.653987,323293978,9.00985e-06,1.081182e-05,3.34426892e-14,-0.0030194,1.20391
fs,1.20,125,0.45,0.593163,638569604,1.40668e-05,1.688016e-05,2.64343306e-14,-0.00490366,1.20653
fs,1.20,125,0.5,0.531945,1.06870718e+09,2.25759e-05,2.709108e-05,2.53493945e-14,-0.00700338,1.20953
fs,1.20,125,0.55,0.47076,1.5521202e+09,3.15052e-05,3.780624e-05,2.43578043e-14,-0.00910895,1.21266
fs,1.20,125,0.6,0.41142,2.03624516e+09,4.03678e-05,4.844136e-05,2.37895519e-14,-0.0110118,1.21556
fs,1.20,125,0.65,0.354853,2.48175907e+09,4.94674e-05,5.936088e-05,2.3918873e-14,-0.0125324,1.21705
fs,1.20,125,0.7,0.3029,2.86647939e+09,5.76042e-05,6.912504e-05,2.41149615e-14,-0.013606,1.21474
fs,1.20,125,0.75,0.258026,3.18167356e+09,6.4361e-05,7.72332e-05,2.42743948e-14,-0.0142964,1.20596
fs,1.20,125,0.8,0.221743,3.43006106e+09,7.04021e-05,8.448252e-05,2.46300339e-14,-0.0147167,1.19014
fs,1.20,125,0.85,0.193698,3.62174496e+09,7.39856e-05,8.878272e-05,2.45137968e-14,-0.0149703,1.16919
fs,1.20,125,0.9,0.172391,3.76960193e+09,7.71686e-05,9.260232e-05,2.45655434e-14,-0.0151287,1.14563
fs,1.20,125,0.95,0.156068,3.88500389e+09,7.86045e-05,9.43254e-05,2.4279358e-14,-0.0152338,1.12145
fs,1.32,-40,0.35,8.80573e-01,FAIL,FAIL,FAIL,FAIL,-1.71419e-05,1.21017e-03
fs,1.32,-40,0.4,8.03615e-01,FAIL,FAIL,FAIL,FAIL,1.12943e-02,1.32000e+00
fs,1.32,-40,0.45,7.53009e-01,FAIL,FAIL,FAIL,FAIL,-2.73517e-07,1.32239e+00
fs,1.32,-40,0.5,0.697887,307884617,8.45435e-06,1.1159742e-05,3.62465072e-14,-0.0036466,1.32589
fs,1.32,-40,0.55,0.639792,727505529,1.55782e-05,2.0563224e-05,2.82653852e-14,-0.00642399,1.32998
fs,1.32,-40,0.6,0.579946,1.30777077e+09,2.81257e-05,3.7125924e-05,2.8388709e-14,-0.00947147,1.33431
fs,1.32,-40,0.65,0.519675,1.945601e+09,4.11652e-05,5.4338064e-05,2.79286781e-14,-0.0125557,1.33878
fs,1.32,-40,0.7,0.459603,2.58879569e+09,5.52909e-05,7.2983988e-05,2.81922549e-14,-0.0155018,1.34316
fs,1.32,-40,0.75,0.400689,3.2067727e+09,6.9565e-05,9.18258e-05,2.86349575e-14,-0.0179752,1.34665
fs,1.32,-40,0.8,0.344449,3.76803949e+09,8.33513e-05,0.000110023716,2.9199194e-14,-0.0197683,1.3477
fs,1.32,-40,0.85,0.293148,4.24844932e+09,9.46978e-05,0.000125001096,2.9422758e-14,-0.0209112,1.34412
fs,1.32,-40,0.9,0.249301,4.63886441e+09,0.000104085,0.0001373922,2.96176366e-14,-0.0215784,1.33414
fs,1.32,-40,0.95,0.214215,4.94388688e+09,0.000111761,0.00014752452,2.98397847e-14,-0.0219524,1.31808
fs,1.32,27,0.35,8.46118e-01,FAIL,FAIL,FAIL,FAIL,2.81405e-01,1.32000e+00
fs,1.32,27,0.4,7.93851e-01,FAIL,FAIL,FAIL,FAIL,1.06054e-04,1.32169e+00
fs,1.32,27,0.45,7.36762e-01,FAIL,FAIL,FAIL,FAIL,-2.65188e-03,1.32417e+00
fs,1.32,27,0.5,0.676564,549513955,1.38754e-05,1.8315528e-05,3.33304147e-14,-0.00483334,1.32755
fs,1.32,27,0.55,0.614805,1.0429595e+09,2.44858e-05,3.2321256e-05,3.09899435e-14,-0.00733227,1.33124
fs,1.32,27,0.6,0.552639,1.63201358e+09,3.46333e-05,4.5715956e-05,2.80119949e-14,-0.0098947,1.33506
fs,1.32,27,0.65,0.491389,2.2427056e+09,4.7898e-05,6.322536e-05,2.81915558e-14,-0.0123268,1.33881
fs,1.32,27,0.7,0.431877,2.82893434e+09,6.08161e-05,8.0277252e-05,2.83772058e-14,-0.0144252,1.34199
fs,1.32,27,0.75,0.37507,3.36179654e+09,7.37892e-05,9.7401744e-05,2.89731228e-14,-0.0160277,1.34307
fs,1.32,27,0.8,0.322766,3.82204556e+09,8.47097e-05,0.000111816804,2.92557486e-14,-0.0171212,1.33948
fs,1.32,27,0.85,0.276982,4.20203378e+09,9.36228e-05,0.000123582096,2.94100672e-14,-0.0178098,1.32892
fs,1.32,27,0.9,0.239241,4.50369303e+09,0.000100745,0.0001329834,2.95276341e-14,-0.0182235,1.31144
fs,1.32,27,0.95,0.209597,4.7379892e+09,0.000106869,0.00014106708,2.97736179e-14,-0.018471,1.28937
fs,1.32,125,0.35,8.26766e-01,FAIL,FAIL,FAIL,FAIL,-1.29293e-03,1.32149e+00
fs,1.32,125,0.4,0.767335,297190068,1.08957e-05,1.4382324e-05,4.83943629e-14,-0.00258241,1.32326
fs,1.32,125,0.45,0.70527,585312176,1.63383e-05,2.1566556e-05,3.68462453e-14,-0.00430757,1.32569
fs,1.32,125,0.5,0.641833,1.01606397e+09,2.48995e-05,3.286734e-05,3.23477074e-14,-0.00627414,1.32853
fs,1.32,125,0.55,0.578644,1.53579162e+09,3.56172e-05,4.7014704e-05,3.06126842e-14,-0.00827056,1.33152
fs,1.32,125,0.6,0.517077,2.08472315e+09,4.71846e-05,6.2283672e-05,2.98762318e-14,-0.0101224,1.33443
fs,1.32,125,0.65,0.457495,2.60980766e+09,5.77934e-05,7.6287288e-05,2.92310001e-14,-0.0116896,1.33662
fs,1.32,125,0.7,0.40123,3.07872295e+09,6.91347e-05,9.1257804e-05,2.96414473e-14,-0.0128806,1.33632
fs,1.32,125,0.75,0.349523,3.47874487e+09,7.76737e-05,0.000102529284,2.9473068e-14,-0.0137125,1.33079
fs,1.32,125,0.8,0.304087,3.8089434e+09,8.54532e-05,0.000112798224,2.96140457e-14,-0.0142624,1.31812
fs,1.32,125,0.85,0.266117,4.07431551e+09,9.21733e-05,0.000121668756,2.98623795e-14,-0.0146152,1.29889
fs,1.32,125,0.9,0.23559,4.28412304e+09,9.54079e-05,0.000125938428,2.93965479e-14,-0.0148412,1.27536
fs,1.32,125,0.95,0.211639,4.44978419e+09,0.00010044,0.0001325808,2.97948832e-14,-0.0149909,1.24981
