corner,vdd_v,temp_c,input_frequency_hz,modulus,q2_min_v,q2_max_v,output_period_s,period_error,result
ss,1.08,125,2315029170.0,2,-0.0799807,0.9762483,8.6392e-10,2.731999071414748e-10,PASS
ss,1.08,125,2315029170.0,3,-0.0893221,1.016318,1.29588e-09,2.732001291860797e-10,PASS
tt,1.2,27,4047272140.0,2,-0.0877385,1.011225,4.9416e-10,3.511999580041447e-10,PASS
tt,1.2,27,4047272140.0,3,-0.0934848,1.064563,7.41239e-10,-1.3487395134070823e-06,PASS
ff,1.32,-40,6298022420.0,2,-0.0830945,1.09766,3.1756e-10,-1.5240009254569031e-10,PASS
ff,1.32,-40,6298022420.0,3,-0.0927036,1.158037,4.7634e-10,-1.5239998152338785e-10,PASS
sf,1.32,-40,4453351000.0,2,-0.101013,1.219057,4.491e-10,-3.2950000061759965e-08,PASS
sf,1.32,-40,4453351000.0,3,-0.113742,1.266351,6.73649e-10,-1.5174003332729669e-06,PASS
fs,1.32,-40,4943887000.0,2,-0.10762,1.063701,4.0454e-10,2.348999994516987e-08,PASS
fs,1.32,-40,4943887000.0,3,-0.112886,1.127744,6.06809e-10,-1.624472333316973e-06,PASS
